-- phpMyAdmin SQL Dump
-- version 4.9.7
-- https://www.phpmyadmin.net/
--
-- Host: localhost:3306
-- Generation Time: Feb 28, 2022 at 04:17 AM
-- Server version: 5.7.36-cll-lve
-- PHP Version: 7.3.32

SET SQL_MODE = "NO_AUTO_VALUE_ON_ZERO";
SET AUTOCOMMIT = 0;
START TRANSACTION;
SET time_zone = "+00:00";


/*!40101 SET @OLD_CHARACTER_SET_CLIENT=@@CHARACTER_SET_CLIENT */;
/*!40101 SET @OLD_CHARACTER_SET_RESULTS=@@CHARACTER_SET_RESULTS */;
/*!40101 SET @OLD_COLLATION_CONNECTION=@@COLLATION_CONNECTION */;
/*!40101 SET NAMES utf8mb4 */;

--
-- Database: `signal_db`
--

-- --------------------------------------------------------

--
-- Table structure for table `admins`
--

CREATE TABLE `admins` (
  `id` bigint(20) UNSIGNED NOT NULL,
  `name` varchar(191) COLLATE utf8mb4_unicode_ci NOT NULL,
  `email` varchar(191) COLLATE utf8mb4_unicode_ci NOT NULL,
  `email_verified_at` timestamp NULL DEFAULT NULL,
  `password` varchar(191) COLLATE utf8mb4_unicode_ci NOT NULL,
  `remember_token` varchar(100) COLLATE utf8mb4_unicode_ci DEFAULT NULL,
  `created_at` timestamp NULL DEFAULT NULL,
  `updated_at` timestamp NULL DEFAULT NULL
) ENGINE=InnoDB DEFAULT CHARSET=utf8mb4 COLLATE=utf8mb4_unicode_ci;

--
-- Dumping data for table `admins`
--

INSERT INTO `admins` (`id`, `name`, `email`, `email_verified_at`, `password`, `remember_token`, `created_at`, `updated_at`) VALUES
(1, 'Admin', 'admin@mail.com', NULL, '$2y$10$.zvnMTpYrbljNnjTzV0zduqpBFBEyKOe.9O2xnS6gH2yQtt/ws4zW', 'szEPNXdzupbUucLe46RxJZfem11LAMZOXgJXXcQjfI7s2PBttRUT0015tpQC', '2021-12-01 15:50:36', '2021-12-01 15:50:36');

-- --------------------------------------------------------

--
-- Table structure for table `cryptos`
--

CREATE TABLE `cryptos` (
  `id` bigint(20) UNSIGNED NOT NULL,
  `symbol` varchar(191) COLLATE utf8mb4_unicode_ci NOT NULL,
  `type` varchar(191) COLLATE utf8mb4_unicode_ci NOT NULL,
  `tp` double NOT NULL,
  `sl` double NOT NULL,
  `lot` double DEFAULT NULL,
  `profit` double DEFAULT NULL,
  `deleted_at` timestamp NULL DEFAULT NULL,
  `created_at` timestamp NULL DEFAULT NULL,
  `updated_at` timestamp NULL DEFAULT NULL
) ENGINE=InnoDB DEFAULT CHARSET=utf8mb4 COLLATE=utf8mb4_unicode_ci;

-- --------------------------------------------------------

--
-- Table structure for table `failed_jobs`
--

CREATE TABLE `failed_jobs` (
  `id` bigint(20) UNSIGNED NOT NULL,
  `uuid` varchar(191) COLLATE utf8mb4_unicode_ci NOT NULL,
  `connection` text COLLATE utf8mb4_unicode_ci NOT NULL,
  `queue` text COLLATE utf8mb4_unicode_ci NOT NULL,
  `payload` longtext COLLATE utf8mb4_unicode_ci NOT NULL,
  `exception` longtext COLLATE utf8mb4_unicode_ci NOT NULL,
  `failed_at` timestamp NOT NULL DEFAULT CURRENT_TIMESTAMP
) ENGINE=InnoDB DEFAULT CHARSET=utf8mb4 COLLATE=utf8mb4_unicode_ci;

-- --------------------------------------------------------

--
-- Table structure for table `forexes`
--

CREATE TABLE `forexes` (
  `id` bigint(20) UNSIGNED NOT NULL,
  `symbol` varchar(191) COLLATE utf8mb4_unicode_ci NOT NULL,
  `type` varchar(191) COLLATE utf8mb4_unicode_ci NOT NULL,
  `tp` double NOT NULL,
  `sl` double NOT NULL,
  `lot` double DEFAULT NULL,
  `profit` double DEFAULT NULL,
  `deleted_at` timestamp NULL DEFAULT NULL,
  `created_at` timestamp NULL DEFAULT NULL,
  `updated_at` timestamp NULL DEFAULT NULL
) ENGINE=InnoDB DEFAULT CHARSET=utf8mb4 COLLATE=utf8mb4_unicode_ci;

--
-- Dumping data for table `forexes`
--

INSERT INTO `forexes` (`id`, `symbol`, `type`, `tp`, `sl`, `lot`, `profit`, `deleted_at`, `created_at`, `updated_at`) VALUES
(104, 'XAUUSD', 'Buy', 1, 1, NULL, NULL, NULL, '2022-02-28 06:16:05', '2022-02-28 06:16:05'),
(105, 'DAX', 'Sell', 1, 2, NULL, NULL, '2022-02-28 06:18:43', '2022-02-28 06:16:37', '2022-02-28 06:18:43');

-- --------------------------------------------------------

--
-- Table structure for table `historical_forexes`
--

CREATE TABLE `historical_forexes` (
  `id` bigint(20) UNSIGNED NOT NULL,
  `created_at` timestamp NULL DEFAULT NULL,
  `updated_at` timestamp NULL DEFAULT NULL
) ENGINE=InnoDB DEFAULT CHARSET=utf8mb4 COLLATE=utf8mb4_unicode_ci;

-- --------------------------------------------------------

--
-- Table structure for table `migrations`
--

CREATE TABLE `migrations` (
  `id` int(10) UNSIGNED NOT NULL,
  `migration` varchar(191) COLLATE utf8mb4_unicode_ci NOT NULL,
  `batch` int(11) NOT NULL
) ENGINE=InnoDB DEFAULT CHARSET=utf8mb4 COLLATE=utf8mb4_unicode_ci;

--
-- Dumping data for table `migrations`
--

INSERT INTO `migrations` (`id`, `migration`, `batch`) VALUES
(108, '2014_10_12_000000_create_users_table', 1),
(109, '2014_10_12_100000_create_password_resets_table', 1),
(110, '2019_08_19_000000_create_failed_jobs_table', 1),
(111, '2021_11_24_191400_create_forexes_table', 1),
(112, '2021_11_26_045221_create_cryptos_table', 1),
(113, '2021_11_27_143959_create_admins_table', 1),
(114, '2021_11_30_173514_create_historical_forexes_table', 1),
(115, '2016_06_01_000001_create_oauth_auth_codes_table', 2),
(116, '2016_06_01_000002_create_oauth_access_tokens_table', 2),
(117, '2016_06_01_000003_create_oauth_refresh_tokens_table', 2),
(118, '2016_06_01_000004_create_oauth_clients_table', 2),
(119, '2016_06_01_000005_create_oauth_personal_access_clients_table', 2),
(120, '2021_12_02_070236_create_user_devices_table', 3),
(122, '2021_12_15_102258_create_settings_table', 4),
(123, '2021_12_21_122806_add_device_token_to_users', 5);

-- --------------------------------------------------------

--
-- Table structure for table `notifications`
--

CREATE TABLE `notifications` (
  `id` bigint(20) UNSIGNED NOT NULL,
  `message` text COLLATE utf8mb4_unicode_ci NOT NULL,
  `profit` double DEFAULT NULL,
  `deleted_at` timestamp NULL DEFAULT NULL,
  `created_at` timestamp NULL DEFAULT NULL,
  `updated_at` timestamp NULL DEFAULT NULL
) ENGINE=InnoDB DEFAULT CHARSET=utf8mb4 COLLATE=utf8mb4_unicode_ci;

--
-- Dumping data for table `notifications`
--

INSERT INTO `notifications` (`id`, `message`, `profit`, `deleted_at`, `created_at`, `updated_at`) VALUES
(1, 'NEW FX SIGNAL EURUSD (BUY) at 2022-01-28 06:58:40', 12.11, '2022-01-12 13:58:40', '2022-01-07 18:09:38', '2022-01-24 18:19:36'),
(27, 'New Crypto Signal: ETHEUR - Sell on 2022-02-10 17:31:59', NULL, NULL, '2022-02-11 00:31:59', '2022-02-11 00:31:59'),
(28, 'New Crypto Signal: USDEUR - Sell on 2022-02-11 18:34:26', NULL, NULL, '2022-02-12 01:34:26', '2022-02-12 01:34:26'),
(37, 'New FX Signal: XAUUSD - Buy on 2022-02-12 03:42:19', NULL, NULL, '2022-02-12 10:42:19', '2022-02-12 10:42:19'),
(38, 'New FX Signal: DAX - Sell on 2022-02-12 03:43:19', NULL, NULL, '2022-02-12 10:43:19', '2022-02-12 10:43:19'),
(39, 'New Crypto Signal: ABCXYZ - Sell on 2022-02-12 12:15:29', NULL, NULL, '2022-02-12 19:15:29', '2022-02-12 19:15:29'),
(40, 'New Crypto Signal: CDEABC - Sell on 2022-02-12 12:16:48', NULL, NULL, '2022-02-12 19:16:48', '2022-02-12 19:16:48'),
(41, 'New Crypto Signal: CDEABC - Sell on 2022-02-12 12:39:44', NULL, NULL, '2022-02-12 19:39:44', '2022-02-12 19:39:44'),
(42, 'New FX Signal: ABCZQB - BuyLimit on 2022-02-12 12:43:30', NULL, NULL, '2022-02-12 19:43:30', '2022-02-12 19:43:30'),
(43, 'New FX Signal: BCVMNM - Sell on 2022-02-12 19:41:59', NULL, NULL, '2022-02-13 02:41:59', '2022-02-13 02:41:59'),
(44, 'New FX Signal: XAUUSD - Buy on 2022-02-13 22:42:32', NULL, NULL, '2022-02-14 05:42:32', '2022-02-14 05:42:32'),
(45, 'New FX Signal: DAX - Buy on 2022-02-13 22:43:12', NULL, NULL, '2022-02-14 05:43:12', '2022-02-14 05:43:12'),
(46, 'New FX Signal: DAX - BuyLimit on 2022-02-13 22:43:44', NULL, NULL, '2022-02-14 05:43:44', '2022-02-14 05:43:44'),
(47, 'New FX Signal: XAUUSD - Buy on 2022-02-13 22:45:01', NULL, NULL, '2022-02-14 05:45:01', '2022-02-14 05:45:01'),
(48, 'New FX Signal: GBPUSD - Sell on 2022-02-13 22:47:18', NULL, NULL, '2022-02-14 05:47:18', '2022-02-14 05:47:18'),
(49, 'New FX Signal: GBPUSD - Sell on 2022-02-13 22:48:34', NULL, NULL, '2022-02-14 05:48:34', '2022-02-14 05:48:34'),
(50, 'New FX Signal: DAX - Buy on 2022-02-13 22:48:55', NULL, NULL, '2022-02-14 05:48:55', '2022-02-14 05:48:55'),
(51, 'Modify FX Signal: DAX - Buy on 2022-02-13 22:51:59', NULL, NULL, '2022-02-14 05:51:59', '2022-02-14 05:51:59'),
(52, 'Close FX Signal: DAX - Buy on 2022-02-13 22:52:22', NULL, NULL, '2022-02-14 05:52:22', '2022-02-14 05:52:22'),
(53, 'New FX Signal: BTCUSDT - Buy on 2022-02-13 23:01:38', NULL, NULL, '2022-02-14 06:01:38', '2022-02-14 06:01:38'),
(54, 'New FX Signal: DAX - Buy on 2022-02-14 11:47:08', NULL, NULL, '2022-02-14 18:47:08', '2022-02-14 18:47:08'),
(55, 'Close FX Signal: DAX - Buy on 2022-02-14 13:21:27', NULL, NULL, '2022-02-14 20:21:27', '2022-02-14 20:21:27'),
(56, 'Close FX Signal: XAUUSD - Buy on 2022-02-14 13:21:39', NULL, NULL, '2022-02-14 20:21:39', '2022-02-14 20:21:39'),
(57, 'Close FX Signal: BTCUSDT - Buy on 2022-02-14 13:21:43', NULL, NULL, '2022-02-14 20:21:43', '2022-02-14 20:21:43'),
(58, 'Close FX Signal: GBPUSD - Sell on 2022-02-14 13:22:04', NULL, NULL, '2022-02-14 20:22:04', '2022-02-14 20:22:04'),
(59, 'Close FX Signal: GBPUSD - Sell on 2022-02-14 13:22:07', NULL, NULL, '2022-02-14 20:22:07', '2022-02-14 20:22:07'),
(60, 'Close FX Signal: DAX - BuyLimit on 2022-02-14 13:22:36', NULL, NULL, '2022-02-14 20:22:36', '2022-02-14 20:22:36'),
(61, 'Close FX Signal: DAX - Buy on 2022-02-14 13:22:38', NULL, NULL, '2022-02-14 20:22:38', '2022-02-14 20:22:38'),
(62, 'Close FX Signal: XAUUSD - Buy on 2022-02-14 13:22:40', NULL, NULL, '2022-02-14 20:22:40', '2022-02-14 20:22:40'),
(63, 'Close FX Signal: BCVMNM - Sell on 2022-02-14 13:22:43', NULL, NULL, '2022-02-14 20:22:43', '2022-02-14 20:22:43'),
(64, 'Close FX Signal: ABCZQB - BuyLimit on 2022-02-14 13:41:49', NULL, NULL, '2022-02-14 20:41:49', '2022-02-14 20:41:49'),
(65, 'Close FX Signal: DAX - Sell on 2022-02-14 13:41:51', NULL, NULL, '2022-02-14 20:41:51', '2022-02-14 20:41:51'),
(66, 'Close FX Signal: DAX - BUY on 2022-02-14 13:41:53', NULL, NULL, '2022-02-14 20:41:53', '2022-02-14 20:41:53'),
(67, 'Close FX Signal: XAUUSD - Buy on 2022-02-14 13:41:55', NULL, NULL, '2022-02-14 20:41:55', '2022-02-14 20:41:55'),
(68, 'Close FX Signal: BTCAUD - Sell on 2022-02-14 13:41:56', NULL, NULL, '2022-02-14 20:41:56', '2022-02-14 20:41:56'),
(69, 'Close FX Signal: USDEUR - Sell on 2022-02-14 13:42:09', NULL, NULL, '2022-02-14 20:42:09', '2022-02-14 20:42:09'),
(70, 'Close FX Signal: XAUUSD - Buy on 2022-02-14 13:42:13', NULL, NULL, '2022-02-14 20:42:13', '2022-02-14 20:42:13'),
(71, 'Close FX Signal: EURUSD - BuyStop on 2022-02-14 13:42:15', NULL, NULL, '2022-02-14 20:42:15', '2022-02-14 20:42:15'),
(72, 'Close FX Signal: USDEUR - Sell on 2022-02-14 13:42:17', NULL, NULL, '2022-02-14 20:42:17', '2022-02-14 20:42:17'),
(73, 'Close Crypto Signal: CDEABC - Sell on 2022-02-14 13:42:24', NULL, NULL, '2022-02-14 20:42:24', '2022-02-14 20:42:24'),
(74, 'Close Crypto Signal: CDEABC - Sell on 2022-02-14 13:42:26', NULL, NULL, '2022-02-14 20:42:26', '2022-02-14 20:42:26'),
(75, 'Close Crypto Signal: ABCXYZ - Sell on 2022-02-14 13:42:27', NULL, NULL, '2022-02-14 20:42:27', '2022-02-14 20:42:27'),
(76, 'Close Crypto Signal: USDEUR - Sell on 2022-02-14 13:42:29', NULL, NULL, '2022-02-14 20:42:29', '2022-02-14 20:42:29'),
(77, 'Close Crypto Signal: ETHEUR - Sell on 2022-02-14 13:42:31', NULL, NULL, '2022-02-14 20:42:31', '2022-02-14 20:42:31'),
(78, 'Close Crypto Signal: BTCETH - BuyStop on 2022-02-14 13:42:32', NULL, NULL, '2022-02-14 20:42:32', '2022-02-14 20:42:32'),
(79, 'Close Crypto Signal: GBPUSD - Sell on 2022-02-14 13:42:33', NULL, NULL, '2022-02-14 20:42:33', '2022-02-14 20:42:33'),
(80, 'Close Crypto Signal: EURUSD - SELL on 2022-02-14 13:42:35', NULL, NULL, '2022-02-14 20:42:35', '2022-02-14 20:42:35'),
(81, 'Close Crypto Signal: EURUSD - SELL on 2022-02-14 13:42:36', NULL, NULL, '2022-02-14 20:42:36', '2022-02-14 20:42:36'),
(82, 'New FX Signal: JMBDJB - Buy on 2022-02-17 11:10:43', NULL, NULL, '2022-02-17 18:10:43', '2022-02-17 18:10:43'),
(83, 'New FX Signal: JMBDJB - Buy on 2022-02-17 11:16:41', NULL, NULL, '2022-02-17 18:16:41', '2022-02-17 18:16:41'),
(84, 'New FX Signal: JMBDJB - Buy on 2022-02-17 11:17:08', NULL, NULL, '2022-02-17 18:17:08', '2022-02-17 18:17:08'),
(85, 'New FX Signal: JMBDJB - Buy on 2022-02-17 11:18:08', NULL, NULL, '2022-02-17 18:18:08', '2022-02-17 18:18:08'),
(86, 'New FX Signal: JMBDJB - Buy on 2022-02-17 11:18:51', NULL, NULL, '2022-02-17 18:18:51', '2022-02-17 18:18:51'),
(87, 'New FX Signal: JMBDJB - Buy on 2022-02-17 11:27:07', NULL, NULL, '2022-02-17 18:27:07', '2022-02-17 18:27:07'),
(88, 'New FX Signal: JMBDJB - Buy on 2022-02-17 11:29:55', NULL, NULL, '2022-02-17 18:29:55', '2022-02-17 18:29:55'),
(89, 'New FX Signal: JMBDJB - Buy on 2022-02-17 11:33:39', NULL, NULL, '2022-02-17 18:33:39', '2022-02-17 18:33:39'),
(90, 'New FX Signal: JMBDJB - Buy on 2022-02-17 11:35:55', NULL, NULL, '2022-02-17 18:35:55', '2022-02-17 18:35:55'),
(91, 'Modify FX Signal: JMBDJB - BuyStop on 2022-02-17 11:37:35', NULL, NULL, '2022-02-17 18:37:35', '2022-02-17 18:37:35'),
(92, 'Close FX Signal: JMBDJB - BuyStop on 2022-02-17 11:38:12', NULL, NULL, '2022-02-17 18:38:12', '2022-02-17 18:38:12'),
(93, 'New Crypto Signal: CZXINR - Sell on 2022-02-17 11:58:06', NULL, NULL, '2022-02-17 18:58:06', '2022-02-17 18:58:06'),
(94, 'Modify Crypto Signal: INRCZB - Sell on 2022-02-17 11:58:39', NULL, NULL, '2022-02-17 18:58:39', '2022-02-17 18:58:39'),
(95, 'Close Crypto Signal: INRCZB - Sell on 2022-02-17 11:58:56', NULL, NULL, '2022-02-17 18:58:56', '2022-02-17 18:58:56'),
(96, 'New FX Signal: ACDXZP - SellLimit on 2022-02-17 13:23:51', NULL, NULL, '2022-02-17 20:23:51', '2022-02-17 20:23:51'),
(97, 'New FX Signal: XAUUSD - Buy on 2022-02-21 01:47:00', NULL, NULL, '2022-02-21 08:47:00', '2022-02-21 08:47:00'),
(98, 'New FX Signal: DAX - Buy on 2022-02-21 01:52:56', NULL, NULL, '2022-02-21 08:52:56', '2022-02-21 08:52:56'),
(99, 'New Crypto Signal: USDABC - Buy on 2022-02-26 09:43:00', NULL, NULL, '2022-02-26 16:43:00', '2022-02-26 16:43:00'),
(100, 'New Crypto Signal: ABCXYZ - BuyStop on 2022-02-26 10:15:02', NULL, NULL, '2022-02-26 17:15:02', '2022-02-26 17:15:02'),
(101, 'New Crypto Signal: BCDXZT - BuyLimit on 2022-02-26 10:18:15', NULL, NULL, '2022-02-26 17:18:15', '2022-02-26 17:18:15'),
(102, 'Close Crypto Signal: BCDXZT - BuyLimit on 2022-02-26 10:19:03', NULL, NULL, '2022-02-26 17:19:03', '2022-02-26 17:19:03'),
(103, 'Close Crypto Signal: ABCXYZ - BuyStop on 2022-02-26 10:19:05', NULL, NULL, '2022-02-26 17:19:05', '2022-02-26 17:19:05'),
(104, 'Close Crypto Signal: USDABC - Buy on 2022-02-26 10:19:07', NULL, NULL, '2022-02-26 17:19:07', '2022-02-26 17:19:07'),
(105, 'New Crypto Signal: GFHFED - Buy on 2022-02-26 10:19:27', NULL, NULL, '2022-02-26 17:19:27', '2022-02-26 17:19:27'),
(106, 'New Crypto Signal: GFHFED - Buy on 2022-02-26 10:39:34', NULL, NULL, '2022-02-26 17:39:34', '2022-02-26 17:39:34'),
(107, 'Close Crypto Signal: GFHFED - Buy on 2022-02-26 11:23:49', NULL, NULL, '2022-02-26 18:23:49', '2022-02-26 18:23:49'),
(108, 'Close Crypto Signal: GFHFED - Buy on 2022-02-26 11:25:09', NULL, NULL, '2022-02-26 18:25:09', '2022-02-26 18:25:09'),
(109, 'Close FX Signal: DAX - Buy on 2022-02-26 14:42:22', NULL, NULL, '2022-02-26 21:42:22', '2022-02-26 21:42:22'),
(110, 'Close FX Signal: XAUUSD - Buy on 2022-02-26 14:42:23', NULL, NULL, '2022-02-26 21:42:23', '2022-02-26 21:42:23'),
(111, 'Close FX Signal: ACDXZP - SellLimit on 2022-02-26 14:42:25', NULL, NULL, '2022-02-26 21:42:25', '2022-02-26 21:42:25'),
(112, 'New FX Signal: XAUUSD - Buy on 2022-02-27 23:16:05', NULL, NULL, '2022-02-28 06:16:05', '2022-02-28 06:16:05'),
(113, 'New FX Signal: DAX - Sell on 2022-02-27 23:16:37', NULL, NULL, '2022-02-28 06:16:37', '2022-02-28 06:16:37'),
(114, 'Close FX Signal: DAX - Sell on 2022-02-27 23:18:43', NULL, NULL, '2022-02-28 06:18:43', '2022-02-28 06:18:43');

-- --------------------------------------------------------

--
-- Table structure for table `oauth_access_tokens`
--

CREATE TABLE `oauth_access_tokens` (
  `id` varchar(100) COLLATE utf8mb4_unicode_ci NOT NULL,
  `user_id` bigint(20) UNSIGNED DEFAULT NULL,
  `client_id` bigint(20) UNSIGNED NOT NULL,
  `name` varchar(191) COLLATE utf8mb4_unicode_ci DEFAULT NULL,
  `scopes` text COLLATE utf8mb4_unicode_ci,
  `revoked` tinyint(1) NOT NULL,
  `created_at` timestamp NULL DEFAULT NULL,
  `updated_at` timestamp NULL DEFAULT NULL,
  `expires_at` datetime DEFAULT NULL
) ENGINE=InnoDB DEFAULT CHARSET=utf8mb4 COLLATE=utf8mb4_unicode_ci;

--
-- Dumping data for table `oauth_access_tokens`
--

INSERT INTO `oauth_access_tokens` (`id`, `user_id`, `client_id`, `name`, `scopes`, `revoked`, `created_at`, `updated_at`, `expires_at`) VALUES
('00069c8a88f3239733e0592a84948737c459820662bcbca2bcd32a5ab4b526a50aed772c7056f8d7', 1, 3, '1', '[]', 0, '2021-12-08 19:13:36', '2021-12-08 19:13:36', '2022-12-08 12:13:36'),
('0211f736e8e23d9502dda9fd986b76452db1c1a940b13d7218175c1d67c474a29a65404efbc6f923', 17, 3, '17', '[]', 1, '2022-01-12 15:16:37', '2022-01-12 15:16:37', '2023-01-12 08:16:37'),
('028c6fdaa56f0f38e9ec1d642342670557a8ccf010274b9912cb450cd17c1a7f27f8630d636566db', 1, 3, '1', '[]', 0, '2021-12-09 13:14:52', '2021-12-09 13:14:52', '2022-12-09 06:14:52'),
('0390b74c07aa595be1fc95e339c0a101e3ef22b0f25c2b312af8dd32952c38657d77139adfdb8960', 1, 3, '1', '[]', 0, '2021-12-08 19:08:20', '2021-12-08 19:08:20', '2022-12-08 12:08:20'),
('050fe1e2172d879fd5acb0ed3eff05ce3e1ab6e741a11b8d79e1da343f2af03a93e51e65c6942ace', 1, 1, '1', '[]', 0, '2021-12-07 14:21:20', '2021-12-07 14:21:20', '2022-12-07 07:21:20'),
('05175ed48e5efa43641459c634c16a9e97f21bd3faa58065f6516a15115a2c1f0bda9966646317fe', 1, 3, '1', '[]', 0, '2021-12-08 19:08:40', '2021-12-08 19:08:40', '2022-12-08 12:08:40'),
('057e87381aec66234a44149f2a54e681ca7856a3e48cebdb6033bb1398ea8a64b80be5a64801da07', 17, 3, '17', '[]', 0, '2022-01-12 14:50:08', '2022-01-12 14:50:08', '2023-01-12 07:50:08'),
('066f50c914824f69596bf9036a27afa20caa11fc5216a9001fefb109aef4339d2ee2151165612db8', 1, 3, '1', '[]', 0, '2021-12-08 19:16:45', '2021-12-08 19:16:45', '2022-12-08 12:16:45'),
('06ae7ede56c64dbe16815d6a073aa40987e9d33ed38445bd4ef10ddb6f4773b4c4e43e6b5694f75f', 10, 3, '10', '[]', 0, '2021-12-25 15:19:30', '2021-12-25 15:19:30', '2022-12-25 08:19:30'),
('0cba5a477f5ff81149869ef330a1b3bfe17d06d7d045c70ade79e741427d9e68cea3ba86fca6e393', 1, 3, '1', '[]', 0, '2021-12-08 19:12:56', '2021-12-08 19:12:56', '2022-12-08 12:12:56'),
('0d6528e1554b1f81de61eb08cec92e9a8a5a828ae7648671e3f30e742f48203f9e2804c0c2dc06a8', 1, 3, '1', '[]', 0, '2021-12-08 19:11:26', '2021-12-08 19:11:26', '2022-12-08 12:11:26'),
('0ea85396c412ab807cc21128b50c9bfbe6af1a5d0d66cd7e6e0be55ebc9054b3ec767db6cd2571fb', 1, 3, '1', '[]', 0, '2021-12-08 19:17:25', '2021-12-08 19:17:25', '2022-12-08 12:17:25'),
('108a5edf9c24abf9e6985745bdb99fb5d2264ecb3fdf15c3c614f51aafce5f1885460d0b6cddbbd9', 13, 3, '13', '[]', 0, '2021-12-28 13:40:20', '2021-12-28 13:40:20', '2022-12-28 06:40:20'),
('10bba1d4db9a7fc3533b535bc4e2c1156edbe5a82388cd73ff6c7bae08f7600030419d4f52e9ab05', 1, 3, '1', '[]', 0, '2021-12-08 13:55:59', '2021-12-08 13:55:59', '2022-12-08 06:55:59'),
('10c6d9fddb6625e23e7d38386daac4e9bb16f38b38440a4d616a9c9825d2a734c3093a288bb12c6c', 1, 3, '1', '[]', 0, '2021-12-09 17:54:10', '2021-12-09 17:54:10', '2022-12-09 10:54:10'),
('112239f82012415bf1c20f61a13d14f90a579c307ee502f0b938ccfcdf951310847051afb6fc6625', 17, 3, '17', '[]', 1, '2022-01-13 13:10:06', '2022-01-13 13:10:06', '2023-01-13 06:10:06'),
('11a7500a033b7dcf46784be7c8ab0f5cf68401ce3b943dfeae242ce1e9795acd2bf36eda40d19146', 1, 3, '1', '[]', 0, '2021-12-10 14:43:15', '2021-12-10 14:43:15', '2022-12-10 07:43:15'),
('159db7fde35aadcae796589d6148b3f3bcc901c5e4c586d36c376936e0bea6586b7d09a7f831308a', 1, 3, '1', '[]', 0, '2021-12-08 14:07:55', '2021-12-08 14:07:55', '2022-12-08 07:07:55'),
('17017575aef3f9471b00a78fd95ced2275ae0e4cfbb40da2932ca4d67a06a81c0c26c83551785a7a', 1, 1, '1', '[]', 0, '2021-12-07 15:11:42', '2021-12-07 15:11:42', '2022-12-07 08:11:42'),
('191b4c896f59461715e6b9bcdf48f26fd99e05af17ac0ff7489dbc15efe676a022ed7a4c2c596684', 1, 3, '1', '[]', 0, '2021-12-08 19:14:46', '2021-12-08 19:14:46', '2022-12-08 12:14:46'),
('1975d709a1becb79339923516af38cd113f69127a0cb9f4e9a3cbebc4916fb2eeb2906910d9bef93', 17, 3, '17', '[]', 0, '2022-01-12 15:34:16', '2022-01-12 15:34:16', '2023-01-12 08:34:16'),
('1a49231ef4057fadbbb61923b77c54bdaa72ef1f3b9e2ade3f33a8b94ebed2d84f47e89d5180eb52', 1, 3, '1', '[]', 0, '2021-12-09 11:59:57', '2021-12-09 11:59:57', '2022-12-09 04:59:57'),
('1a77fe5543cef7a37d9f0defcd8ee2515c50db35c0013fc897cf9ed2a1a578ee2fcbe071c641eadb', 1, 3, '1', '[]', 0, '2021-12-17 17:50:13', '2021-12-17 17:50:13', '2022-12-17 10:50:13'),
('1b25c3263579e6ea24fd22d87b0b327f301a42ac6b1eea49ffc4e119ef11ba9031fa93f7bc2c8350', 16, 3, '16', '[]', 0, '2021-12-28 15:59:45', '2021-12-28 15:59:45', '2022-12-28 08:59:45'),
('1b9c68c4f30f3de9169f8246a8617c3ec379313605cb3369b8eba1afc9cc52372467f93569e81220', 1, 3, '1', '[]', 0, '2021-12-08 14:08:43', '2021-12-08 14:08:43', '2022-12-08 07:08:43'),
('1c7f545e9fa61122cf8bec2b61de2c5957e43ad8865752ffdc65b162095f4cc0df4e6ee56e436662', 1, 3, '1', '[]', 0, '2021-12-09 17:34:41', '2021-12-09 17:34:41', '2022-12-09 10:34:41'),
('1dc654d38d2a6d77144f493d5a35f12e3667836ee0bc5780081f00facbd884489de36680d1979cda', 1, 3, '1', '[]', 0, '2021-12-08 19:12:17', '2021-12-08 19:12:17', '2022-12-08 12:12:17'),
('1dec15bae16836bea8414b804ee250922adad680ac9de54b42af44a02aebe4b297c9a38eb2810ac8', 17, 3, '17', '[]', 1, '2022-01-12 15:18:36', '2022-01-12 15:18:36', '2023-01-12 08:18:36'),
('1e20a1e46134287c5ef6960e7a3fc8797d52dbacd02315fbb99d604f3d752bad6297926d53ae6566', 17, 3, '17', '[]', 1, '2022-01-12 14:50:37', '2022-01-12 14:50:37', '2023-01-12 07:50:37'),
('1f232f914d799820e880c67a98212a59df759504842534fa989fc4f28022b76bfec55633b39e7914', 1, 3, '1', '[]', 0, '2021-12-08 14:02:33', '2021-12-08 14:02:33', '2022-12-08 07:02:33'),
('1fecb74f7747edb84a75bd1f105b833d917dbc811adbe0ef9b885ab2c95f20185e2934a6f9ad0564', 1, 3, '1', '[]', 0, '2021-12-08 19:17:05', '2021-12-08 19:17:05', '2022-12-08 12:17:05'),
('214468559c4d12a1bc9afbfc2a3134518af5a4f9299b6b0544980c2e6831f36ea4b8e099837a769b', 6, 3, '6', '[]', 0, '2021-12-25 16:38:01', '2021-12-25 16:38:01', '2022-12-25 09:38:01'),
('2206f7581a70432de966371e6866c4c04a6e0ac7e9a3f8b2d9450d7914274acce05b37ecd3430a09', 1, 3, '1', '[]', 0, '2021-12-08 19:14:06', '2021-12-08 19:14:06', '2022-12-08 12:14:06'),
('22c5902e84e298c7a7e3f3a8cedb6f945da265e214201f6788b5ed148053fcb6a9b176d381aadb67', 5, 3, '5', '[]', 0, '2022-01-12 20:00:45', '2022-01-12 20:00:45', '2023-01-12 13:00:45'),
('22e5934553ed244b134f4d308590de9902930d465638750b49495a8d7444da14ef12a5ef96f5c546', 1, 3, '1', '[]', 0, '2021-12-08 19:12:06', '2021-12-08 19:12:06', '2022-12-08 12:12:06'),
('23ad91d1530c61fd62311f47a31a0ecf3ca9c00b999473ba899ea6f95ddcc721395ded46d9cc635b', 1, 3, '1', '[]', 0, '2021-12-08 18:34:56', '2021-12-08 18:34:56', '2022-12-08 11:34:56'),
('2476e65e750def5d6d8f7552f0f8586e5952b9f459ce4b4f2e56b432536c4838f4fb9bad21b432a9', 2, 3, '2', '[]', 0, '2021-12-08 00:56:15', '2021-12-08 00:56:15', '2022-12-07 17:56:15'),
('24975368a476a4f8ddef3fb8e40b81709c78cf041eabf87e5879f79208ebcde73bf1a6aeb8af65d3', 13, 3, '13', '[]', 0, '2021-12-28 13:36:26', '2021-12-28 13:36:26', '2022-12-28 06:36:26'),
('24b195af08a654b804c2eeb4214809a1f8d93ec3f9c9872f71d5685ffe912e867d268e3553120d82', 6, 3, '6', '[]', 0, '2021-12-28 13:30:13', '2021-12-28 13:30:13', '2022-12-28 06:30:13'),
('250d3ad8be3f7f13437dbd621a593104dbfd4c7022cda97dfd638f6b47eff91ce7a55ad81a2f2719', 17, 3, '17', '[]', 1, '2022-01-12 15:03:31', '2022-01-12 15:03:31', '2023-01-12 08:03:31'),
('25141e64cc210e84208678c6df99e7903517c194ac401967c6232aa9911858531607a16edbc0473a', 13, 3, '13', '[]', 0, '2021-12-28 13:39:33', '2021-12-28 13:39:33', '2022-12-28 06:39:33'),
('2540e865fbd457c7397602023577b4c5b02094e9d68085282e38b2aa18a050d89025e99da04d3a77', 1, 3, '1', '[]', 0, '2021-12-08 19:22:03', '2021-12-08 19:22:03', '2022-12-08 12:22:03'),
('264a5cd5063a7d71ff346e07c49a14e78d7cbd4e4f94613fd5fe24367a7f7c8b436b68960c5837f2', 1, 1, '1', '[]', 0, '2021-12-07 13:02:22', '2021-12-07 13:02:22', '2022-12-07 06:02:22'),
('265e6b8eee6bac714523a9f85908d3466d946d356933d5c7b3f9e388cbbc987cb4fb53802a82becd', 21, 3, '21', '[]', 0, '2022-01-15 17:18:01', '2022-01-15 17:18:01', '2023-01-15 10:18:01'),
('26b46dceaf3f347bf9634282cab519be0dfaca299ab5900088ef7d06925dbd9c5a24c2390902262f', 1, 1, '1', '[]', 0, '2021-12-07 14:22:09', '2021-12-07 14:22:09', '2022-12-07 07:22:09'),
('27a5c5ff8d23d26ec1d617f7962d4e9bc7a00ce14ea8d740582a002fcb7ade0d90e3e7a906f67a4f', 1, 3, '1', '[]', 0, '2021-12-08 19:21:11', '2021-12-08 19:21:11', '2022-12-08 12:21:11'),
('27b1c96a113f52cf86eac712d7c5ce581a3a7b0939320e968e0dff971b90cafdd5f4a8d4324fe919', 6, 3, '6', '[]', 0, '2021-12-21 14:29:39', '2021-12-21 14:29:39', '2022-12-21 07:29:39'),
('2896b142931ed7cef6e9251ad77204a53102f7a7ff8f512a17d1b09811c709b3a96808edea901727', 1, 1, '1', '[]', 0, '2021-12-07 14:23:06', '2021-12-07 14:23:06', '2022-12-07 07:23:06'),
('28c54bebb8e108f12a7bc0000d5108fe25bffeefbd2e9c8ebdb96cfda586c5e00fa7bae25682c15c', 1, 3, '1', '[]', 0, '2021-12-08 19:17:15', '2021-12-08 19:17:15', '2022-12-08 12:17:15'),
('28d543e3daa5cd3f6bfd5dcc0a91baccf37afc37f8b33a2b5fb9f0ed278d1a4d4cad21b92696a287', 1, 1, '1', '[]', 0, '2021-12-07 14:06:32', '2021-12-07 14:06:32', '2022-12-07 07:06:32'),
('28e761acb58d7708f9175ecadd5a06a1acc8b1a104c3f9cfec4ac5bbc835a142b06b0ff7124a39e7', 3, 3, '3', '[]', 0, '2021-12-08 14:14:38', '2021-12-08 14:14:38', '2022-12-08 07:14:38'),
('291a8f92cfbc0ef196ab37980e221c8dc5a07aea972dedc6d76e59f92ebe2035145dccc52b601235', 1, 3, '1', '[]', 0, '2021-12-08 19:08:00', '2021-12-08 19:08:00', '2022-12-08 12:08:00'),
('2992151d18a51526861956563941c699efcfe9ab744fb8c5a22f78cadc6381785872cf3d02f309e6', 5, 3, '5', '[]', 0, '2022-01-15 07:36:03', '2022-01-15 07:36:03', '2023-01-15 00:36:03'),
('29fb947fbbe70572544e136d7d2a9a0132cb0f0364723bd758afacaa59e004ff3a92f99b3c11c159', 1, 3, '1', '[]', 0, '2021-12-09 13:22:45', '2021-12-09 13:22:45', '2022-12-09 06:22:45'),
('2a193c8d8ce06847c2d5a341e1997e978e1fbc059ad742118d3436a60b6c99e77b6cdabf7fd71fdc', 6, 3, '6', '[]', 0, '2021-12-21 13:21:43', '2021-12-21 13:21:43', '2022-12-21 06:21:43'),
('2b5ebde83fec2a4d8989fb64b503e5e590b4651769b38f38974c11588e6fc87edbb22bcd1c80f012', 1, 3, '1', '[]', 0, '2021-12-09 13:18:45', '2021-12-09 13:18:45', '2022-12-09 06:18:45'),
('2b7d3fd8945327b5ad117b0aa355691c74d5ab31121b877d3becb50f41b238c03dded06dcfafc445', 1, 3, '1', '[]', 0, '2021-12-08 20:03:20', '2021-12-08 20:03:20', '2022-12-08 13:03:20'),
('2ede23567e8ace8c8fe22fcfde31d3d0c2b8f0d8dba173b9087ce63fd2ebdfc7ee648bc89a9f9a51', 6, 3, '6', '[]', 0, '2021-12-22 18:08:56', '2021-12-22 18:08:56', '2022-12-22 11:08:56'),
('311dca3a256ad34ac04905c94169439dcad1afa2a9b0126c57f15f1733be29ad9a86a880d96c3f94', 1, 3, '1', '[]', 0, '2021-12-10 14:14:07', '2021-12-10 14:14:07', '2022-12-10 07:14:07'),
('31f93c26e121e97666a7ff2d833fde0e929086bee00739086d953d35aca0be2864fce50de9451abb', 1, 3, '1', '[]', 0, '2021-12-09 13:40:09', '2021-12-09 13:40:09', '2022-12-09 06:40:09'),
('320ac991436bd6c72ffdd4db80dee23ecae0b3736825aa3e9a8b9c0db25b8108871e12eedf0b1948', 17, 3, '17', '[]', 0, '2022-01-12 15:40:57', '2022-01-12 15:40:57', '2023-01-12 08:40:57'),
('338029efe630fd9350bba80e270f267524dd3f2c863aa1bef3c0369a6546ca6f6624f25122a89716', 1, 3, '1', '[]', 0, '2021-12-09 12:04:31', '2021-12-09 12:04:31', '2022-12-09 05:04:31'),
('3393f3f6b9052fd0873d27bc35989b0b7b2867c89782ad51bd338dcf80593037c656a21c91beb14b', 1, 3, '1', '[]', 0, '2021-12-08 19:14:27', '2021-12-08 19:14:27', '2022-12-08 12:14:27'),
('3403bbf5584cab51744fc5a88e13aeef3dbdd98dd66719eb0d8947ad8f0fdfb286ad288965250fd6', 1, 3, '1', '[]', 0, '2021-12-08 19:17:55', '2021-12-08 19:17:55', '2022-12-08 12:17:55'),
('3523420e5927512eaccc2a209f750b82ab087995af08e741f994371de9b0b0273a44c39884a79bf3', 1, 3, '1', '[]', 0, '2021-12-09 15:12:11', '2021-12-09 15:12:11', '2022-12-09 08:12:11'),
('363c78e1f23a07a4f04ca1ded454efec6ebee1e8517aac794ab7204952d451af284ce2392a706137', 1, 3, '1', '[]', 0, '2021-12-08 19:21:42', '2021-12-08 19:21:42', '2022-12-08 12:21:42'),
('368678389995215187e78db4d50f91ca2d117ddcd06959761147d72417272a747f77fefad20c2c13', 17, 3, '17', '[]', 1, '2022-01-12 15:12:32', '2022-01-12 15:12:32', '2023-01-12 08:12:32'),
('36c8f238188f7916fa703f013adf0680719127f2c2be30617f723aa5bd0aaf7efd1b293524b1281d', 1, 3, '1', '[]', 0, '2021-12-10 13:52:24', '2021-12-10 13:52:24', '2022-12-10 06:52:24'),
('3744f186cd7d0ee30f9b9f89d96cc276b5860e20fb8158e2c3925ea07263d194aac633574597f111', 6, 3, '6', '[]', 0, '2021-12-28 12:47:27', '2021-12-28 12:47:27', '2022-12-28 05:47:27'),
('37f20ccd5ffbb33d2eb420e90cb1ee908e0e1c30686a1bad92c95af169565da7fb338a168d049d6c', 1, 3, '1', '[]', 0, '2021-12-08 19:23:58', '2021-12-08 19:23:58', '2022-12-08 12:23:58'),
('3a5c368e0e49d81161c1c49316b0f3bd4513fd78b782f79407476c96b7e73df766771bb4d55702e4', 5, 3, '5', '[]', 0, '2021-12-19 08:49:08', '2021-12-19 08:49:08', '2022-12-19 01:49:08'),
('3a6e23b70307c6230c6e1bc1058d88fbe8a09b6b7643c19f373be1a7017d0a186ba02c9cee99f01c', 1, 3, '1', '[]', 0, '2021-12-08 19:15:16', '2021-12-08 19:15:16', '2022-12-08 12:15:16'),
('3b598c9da52947a924f62d9492ac3373839a97bebad12839eb58a808db2fe5b76358d470d4f75f82', 5, 3, '5', '[]', 1, '2022-01-14 17:49:13', '2022-01-14 17:49:13', '2023-01-14 10:49:13'),
('3b9825d9ac1a6e3c58f821f3918bfdd9c51d5524cbf5e28ce7337870c1af5b2674f8328eb5f82079', 1, 3, '1', '[]', 0, '2021-12-08 19:14:56', '2021-12-08 19:14:56', '2022-12-08 12:14:56'),
('3c25471b30494a3bf4e1b6b532f1309699b1799030d144edc67b6da5720cf87d06b949518ab2e459', 15, 3, '15', '[]', 0, '2021-12-28 13:58:02', '2021-12-28 13:58:02', '2022-12-28 06:58:02'),
('3c3f5ecb3739fba12114735b641623d1fd99be913c04e8c24c4b6eb1761de5e9a5d8e41e654666f7', 5, 3, '5', '[]', 0, '2021-12-19 08:43:04', '2021-12-19 08:43:04', '2022-12-19 01:43:04'),
('3d4b85bb3ef26dab5830a01e7978b060001a811459739c33ee90be496d728ced855e3a38ee38a2e0', 1, 1, '1', '[]', 0, '2021-12-07 14:10:14', '2021-12-07 14:10:14', '2022-12-07 07:10:14'),
('3dab78d4753d0b34039d051b95f07a3dbd40ec8521b4c9fd94ca040bd05cb929dd2d46d1390ffe34', 17, 3, '17', '[]', 0, '2022-01-12 15:13:15', '2022-01-12 15:13:15', '2023-01-12 08:13:15'),
('3fc970235a09ed47228175e44847e7c7e03e4a57a0e78a20fe84959b0162b49f1df277c8fad06886', 1, 3, '1', '[]', 0, '2021-12-08 19:08:30', '2021-12-08 19:08:30', '2022-12-08 12:08:30'),
('40258717a85eebf180956e5d26b8d73486da653db9f18e2a2c34147d2487b64cbdbc248e1c18878b', 17, 3, '17', '[]', 1, '2022-01-12 15:19:06', '2022-01-12 15:19:06', '2023-01-12 08:19:06'),
('425f253061e2348c9677c0db08565598e1bc7fc649689ef4b57ebdbc37f4284cfd0e831c1d0d98df', 17, 3, '17', '[]', 0, '2022-01-12 13:31:11', '2022-01-12 13:31:11', '2023-01-12 06:31:11'),
('42693aa81990ffba9428827342547fd4ee5ae61f18f7916e76bad006a0b0384779d37d26e3b9acb0', 17, 3, '17', '[]', 0, '2022-01-12 13:25:57', '2022-01-12 13:25:57', '2023-01-12 06:25:57'),
('4296521c923917344d82889a0c77b46bb179f7492934cf40e95da36ab0f3cec1de0973f7db538288', 3, 3, '3', '[]', 0, '2021-12-08 13:58:24', '2021-12-08 13:58:24', '2022-12-08 06:58:24'),
('42a6e9203cedb783f0279ba5de6ac1d80088487b1e5ba31d9c5057256252dc4ecedce8fb482a16a8', 1, 3, '1', '[]', 0, '2021-12-08 19:26:54', '2021-12-08 19:26:54', '2022-12-08 12:26:54'),
('4387e1bf9f652be4f099480a97fa04caade2a33a84434f167f919f0a64c973931bfa12461ef5e278', 22, 3, '22', '[]', 1, '2022-01-22 03:46:06', '2022-01-22 03:46:06', '2023-01-21 20:46:06'),
('4438083baf319e2fce4382c66fffaa2f42ffed290c65a2fd4ef59b7608642e2777304a5689391c7a', 1, 3, '1', '[]', 0, '2021-12-09 13:11:05', '2021-12-09 13:11:05', '2022-12-09 06:11:05'),
('44b958d430b6a6d905f9bf3e07ed838dc5f92c4ed6b20f934d53f9e6b88dde1b31b553d634da4162', 1, 3, '1', '[]', 0, '2021-12-09 12:07:31', '2021-12-09 12:07:31', '2022-12-09 05:07:31'),
('45216020ce06cd249803279d40546834fb00a7ff75df3d58093992f68da6f7207b1a70776223cdc6', 1, 3, '1', '[]', 0, '2021-12-09 17:31:56', '2021-12-09 17:31:56', '2022-12-09 10:31:56'),
('457b2c73eead05821c51f101f765315bb4cc0e3671a893cdb8ff06bc505d2f02ec8585f723e9efd1', 1, 1, '1', '[]', 0, '2021-12-07 13:02:47', '2021-12-07 13:02:47', '2022-12-07 06:02:47'),
('45df2d3f8e352429939cac54b5cdff526adefddb9c2de0bfe6cd8717d2c13a075be4c549c94a8bc8', 1, 3, '1', '[]', 0, '2021-12-09 11:56:57', '2021-12-09 11:56:57', '2022-12-09 04:56:57'),
('46133efebe889635f6b6680d29bf4c154a7f1fd81cebc88ff31762f48d4623eb7b360cd265e8816b', 1, 3, '1', '[]', 0, '2021-12-08 19:22:02', '2021-12-08 19:22:02', '2022-12-08 12:22:02'),
('46e4f9b463ab6e37f808c7dc574ca82c5e0048f29b511647cd6e679cfc1a79820ccf8242adaecd87', 17, 3, '17', '[]', 0, '2022-01-14 12:52:04', '2022-01-14 12:52:04', '2023-01-14 05:52:04'),
('4791b08993a20da8a1497246f3f1c2101036af4555b7c3facefa88ffa728f4602260e7e8665da2fc', 1, 3, '1', '[]', 0, '2021-12-08 19:13:56', '2021-12-08 19:13:56', '2022-12-08 12:13:56'),
('47f14b7fb4023427f58fde8c4de2fb38f9a02dcf7edc5d2747cb9ca4bd96cdee53f3d0b328ce7172', 2, 3, '2', '[]', 0, '2021-12-09 14:26:41', '2021-12-09 14:26:41', '2022-12-09 07:26:41'),
('48345516946e959fb203455dc7f3eacfa7d19c375a660ad61e750ff85a273565b1fef77d88cbc5a7', 1, 3, '1', '[]', 0, '2021-12-16 15:08:44', '2021-12-16 15:08:44', '2022-12-16 08:08:44'),
('48a690ec24504f810001dd1cc53e045ebfe0f2f20a908d62a13f66610007a2920ecac4b795a28713', 1, 3, '1', '[]', 0, '2021-12-09 13:07:02', '2021-12-09 13:07:02', '2022-12-09 06:07:02'),
('48b3af6748107082ed9a65119b7153112a636d979fa9ef69bd4e26571c6df8893b6404e3a1ad7502', 1, 3, '1', '[]', 0, '2021-12-08 19:17:35', '2021-12-08 19:17:35', '2022-12-08 12:17:35'),
('4cbad150d3cd084f230d3db63a1e3477e886206a86055ed64a192a1040568e3f465ec675a6b10e86', 1, 3, '1', '[]', 0, '2021-12-08 20:03:13', '2021-12-08 20:03:13', '2022-12-08 13:03:13'),
('4e5eec1ffc8aba757bd34972d0a99eb5a518a2d9f653b1b40f8e07be9a9d04570b39cd9f1bd35688', 6, 3, '6', '[]', 0, '2021-12-25 20:34:51', '2021-12-25 20:34:51', '2022-12-25 13:34:51'),
('5025993be8e31f27ae4461dedab17097bbfe79f1018dc21c3839d8e689df711225a454ee29f68321', 17, 3, '17', '[]', 0, '2022-01-12 13:26:39', '2022-01-12 13:26:39', '2023-01-12 06:26:39'),
('5087099e49f09223f69ad382136981b431c5cdd42cefc6398a1d43312f0df0af19f1da254f092589', 1, 3, '1', '[]', 0, '2021-12-08 19:22:22', '2021-12-08 19:22:22', '2022-12-08 12:22:22'),
('5196d1382e275ac0e616c56da020c4df1b86018d2d3740bf163bc7abd2bc9eec0b738d72e7c68861', 1, 3, '1', '[]', 0, '2021-12-09 13:20:45', '2021-12-09 13:20:45', '2022-12-09 06:20:45'),
('522819d7043b3aa093e9773dfc1c68ea4eaf66f9ce7fbc9f2d20e582dd9937c16546ada02463b897', 1, 3, '1', '[]', 0, '2021-12-08 19:16:55', '2021-12-08 19:16:55', '2022-12-08 12:16:55'),
('52e0b40a84543ebdd960827899c8d1a1349067ed61116e430f00e8def4c0787c630fa824bface16a', 2, 3, '2', '[]', 0, '2021-12-08 14:10:47', '2021-12-08 14:10:47', '2022-12-08 07:10:47'),
('52fd541b77d32fa46ae8333b3d808de9d561277f49a02391e9f5c1945b5fa9d350b4cfc2505a7b55', 17, 3, '17', '[]', 1, '2022-01-12 15:24:11', '2022-01-12 15:24:11', '2023-01-12 08:24:11'),
('5343151982891e3be56943fade469040418aa83fbb233dbc9832db395a8a0bcad0eb212ade181f41', 1, 1, '1', '[]', 0, '2021-12-07 14:53:15', '2021-12-07 14:53:15', '2022-12-07 07:53:15'),
('536fd4d0695272fb27537159186a810f44c3cef0cb5fa724a779a81c6ddb01ab90d3edff02cd2ae1', 17, 3, '17', '[]', 0, '2022-01-12 15:34:41', '2022-01-12 15:34:41', '2023-01-12 08:34:41'),
('5475b2dc93d84a2641690ae346e2f15a8e365225d8ae1b4730cc3b1c48e10dbd31e0b6af38f63544', 6, 3, '6', '[]', 0, '2021-12-28 13:34:09', '2021-12-28 13:34:09', '2022-12-28 06:34:09'),
('55d8f6db4e6a19873b909097536cdb3fbfd5a3f4b0a786186668e9600518d2ad7ea204b5bfb9f55f', 1, 3, '1', '[]', 0, '2021-12-09 17:32:41', '2021-12-09 17:32:41', '2022-12-09 10:32:41'),
('57da4f8b870532428321919697346c64799ecbb1dc14abd1aa88813533b27458209921bb676ee6a2', 3, 3, '3', '[]', 0, '2021-12-08 13:59:23', '2021-12-08 13:59:23', '2022-12-08 06:59:23'),
('59c57a6a916abf4ef8e33e32473f66b0dddef64cf33db9fbaac81530be0f9219b836980a462bc95e', 6, 3, '6', '[]', 0, '2021-12-25 17:23:01', '2021-12-25 17:23:01', '2022-12-25 10:23:01'),
('59e23091778231bfccb3417cdf6c30db6300981f0406db95915471f7f027781f91e403877e804fcf', 22, 3, '22', '[]', 0, '2022-01-26 17:14:40', '2022-01-26 17:14:40', '2023-01-26 10:14:40'),
('5b5b3b2178f7a8fec6e851af68d5e1349c13903b181ceaf1ee6b035458e86bc32bc951898d87465a', 17, 3, '17', '[]', 0, '2022-01-12 15:03:49', '2022-01-12 15:03:49', '2023-01-12 08:03:49'),
('5b97cc486db7ccf8316e2a317bdcbf1e89b709b13b6e503a50795c0d0df7214e016e27a5aad0dfe0', 1, 3, '1', '[]', 0, '2021-12-09 13:09:02', '2021-12-09 13:09:02', '2022-12-09 06:09:02'),
('5be31d91477e71da0f0a0d56b8c75a694fa4fa1fbcd8a9e5129186bd28fc108a5d4a003fe49a2921', 6, 3, '6', '[]', 0, '2021-12-21 13:22:24', '2021-12-21 13:22:24', '2022-12-21 06:22:24'),
('5bf66691d1d0c74f154b1f6b7a31a2cde54b9eb731f48a8da8a6ef89ae2cc47784cb3a2246cff53b', 1, 3, '1', '[]', 0, '2021-12-17 18:34:03', '2021-12-17 18:34:03', '2022-12-17 11:34:03'),
('5c34c288fd96cd10c2da5552b7caba42f83277448e3496f4d7e9eafb12c7d2f7ae3be1e28d3b1f3c', 1, 1, '1', '[]', 0, '2021-12-07 13:50:13', '2021-12-07 13:50:13', '2022-12-07 06:50:13'),
('5ce137ec411fef4d9cb2bf706f6be7cc29290414cae61de2b5bf721604b1f7399a7cbbb11ab12ee4', 1, 3, '1', '[]', 0, '2021-12-09 12:33:11', '2021-12-09 12:33:11', '2022-12-09 05:33:11'),
('5e24cc7e4f1b162d7c7f7476675012be21f6295787dc40ea7ce0a7a6fd8d70bbf7b5abaec662b8ae', 1, 3, '1', '[]', 0, '2021-12-15 19:00:00', '2021-12-15 19:00:00', '2022-12-15 12:00:00'),
('5e6f77c294a5993458df5950178920ae4fab35bb24d7d6309a464d2bd65585609d17d318a681d66f', 19, 3, '19', '[]', 1, '2022-01-13 12:49:06', '2022-01-13 12:49:06', '2023-01-13 05:49:06'),
('5f041dc3a6cbf86238127960f1b414174a34b4685d5825b5bd06e9931014db2b24d8bcd3e19995ac', 6, 3, '6', '[]', 0, '2021-12-28 13:34:38', '2021-12-28 13:34:38', '2022-12-28 06:34:38'),
('605f8bdb9e13c6d96688e559862474deebe1c6fd40b8748ee03b5b10b99e4f5ef7358be8900e60a0', 1, 1, '1', '[]', 0, '2021-12-07 13:04:47', '2021-12-07 13:04:47', '2022-12-07 06:04:47'),
('60b12cf54afc78893c05b5776c1d32b9a2f6af5285443b9bfe7394afa45d8e99550af5a303244fb6', 1, 3, '1', '[]', 0, '2021-12-08 19:23:21', '2021-12-08 19:23:21', '2022-12-08 12:23:21'),
('614657c3103744a038eb9c7e07061dae5d7a3c4afe46eccb0a26c9c6bd9c5209b8d6cf870a287119', 17, 3, '17', '[]', 0, '2022-01-12 15:35:41', '2022-01-12 15:35:41', '2023-01-12 08:35:41'),
('624bec2dc38d3468a34ad02496202f65f7b61cd4a3e98c4442a2f726810d0069f53a2a28baa0a615', 3, 3, '3', '[]', 0, '2021-12-08 14:14:14', '2021-12-08 14:14:14', '2022-12-08 07:14:14'),
('6265076251149751b508c4325e1f725ef921c15fb97668ef70d85e97326a8982bc59736920dc7368', 6, 3, '6', '[]', 0, '2021-12-23 17:51:24', '2021-12-23 17:51:24', '2022-12-23 10:51:24'),
('6378cb8e68aa6d7533ef71da6c2509a8e63a146757c48558ede3dc941990b8755ab8d4ae612c661d', 6, 3, '6', '[]', 0, '2021-12-27 18:53:29', '2021-12-27 18:53:29', '2022-12-27 11:53:29'),
('638259cb8a83d97ba01e0000d876bc184298556e362b69abae74f7b9f2fe9da06b710b1ae7b2d9cc', 3, 3, '3', '[]', 0, '2021-12-08 13:45:43', '2021-12-08 13:45:43', '2022-12-08 06:45:43'),
('63c6ad8299714a5798743afd499521e08b12964fbe385f277c666156cefbd5d29c8be7f3f580d293', 17, 3, '17', '[]', 0, '2022-01-12 14:30:10', '2022-01-12 14:30:10', '2023-01-12 07:30:10'),
('646e94c8bb2923ce788eccfdb6dc5f1a1e1e71e871b5aec250fad1df31733aaaa009eca824071da6', 1, 3, '1', '[]', 0, '2021-12-08 19:12:26', '2021-12-08 19:12:26', '2022-12-08 12:12:26'),
('65033a2fa33b4dc4d97fb259bb6b17f19070320000e8f73211d7dcfe53468cd55a663d4886e8933c', 1, 3, '1', '[]', 0, '2021-12-09 11:58:57', '2021-12-09 11:58:57', '2022-12-09 04:58:57'),
('651ae77ee109cd2e99c1d47d67e288878cbc3f6a237306642823c93ce99f34579b302667ee158816', 1, 3, '1', '[]', 0, '2021-12-11 16:38:07', '2021-12-11 16:38:07', '2022-12-11 09:38:07'),
('65658a29c813e430506b9d41d63e9ea44165f31c8f143d811126392ba9126e899d4f7889e7990481', 17, 3, '17', '[]', 0, '2022-01-12 13:52:28', '2022-01-12 13:52:28', '2023-01-12 06:52:28'),
('65957c9b09eb84acdfcdd0467cb0be07b33c46888072bf1a8732937d648f96a1713d0924086a661c', 1, 3, '1', '[]', 0, '2021-12-08 20:06:06', '2021-12-08 20:06:06', '2022-12-08 13:06:06'),
('665bea3589bdaa5f4606f3ce5dcfa61d1ee4b2424a4611707fb12690180322b885338839ff66819c', 1, 3, '1', '[]', 0, '2021-12-17 18:52:42', '2021-12-17 18:52:42', '2022-12-17 11:52:42'),
('6748a14811a9ef6a62efb754f52725fad866a79c38b310b331d1603401e3a1c731ddc01cf03390a6', 1, 3, '1', '[]', 0, '2021-12-09 12:23:12', '2021-12-09 12:23:12', '2022-12-09 05:23:12'),
('679a2ef91cdccc09d3ee3478c6bfd518994002dbb8869da579d35797724c9fbd1f278c2731ff9d93', 3, 3, '3', '[]', 0, '2021-12-08 13:58:56', '2021-12-08 13:58:56', '2022-12-08 06:58:56'),
('67c3b6371e3744c7b8d586fefa2213a6909c34b5048d85e7380b3e11807e81979aab54900eb9d761', 1, 3, '1', '[]', 0, '2021-12-10 17:36:20', '2021-12-10 17:36:20', '2022-12-10 10:36:20'),
('6815dfbe251ffeb2d856ce2d7caa4ca1dd488e5267718afa7206f7ce12f2487cd32a826f860e6b0b', 1, 3, '1', '[]', 0, '2021-12-09 12:03:32', '2021-12-09 12:03:32', '2022-12-09 05:03:32'),
('6a901af8e01c1358932edf0797323f5121e141dd459cfa58fae70b2314ede15869593eaccf63ae92', 1, 3, '1', '[]', 0, '2021-12-08 19:21:22', '2021-12-08 19:21:22', '2022-12-08 12:21:22'),
('6aa2726d2e8a0c5ff4aee9db1ce6d791cd8f7e9a2b26ecb208919a2f81d2fe6eb09b51de5110699a', 1, 3, '1', '[]', 0, '2021-12-17 18:56:12', '2021-12-17 18:56:12', '2022-12-17 11:56:12'),
('6bd1a1b3a89daf689e65b1ad37876aab678593645c8594cbf98559d5b6658e16a05fe0c1bb6f3d95', 1, 3, '1', '[]', 0, '2021-12-09 12:27:12', '2021-12-09 12:27:12', '2022-12-09 05:27:12'),
('6c0ce16460c3ce40ae66fa7a6871af3fb1492218795365ff960640cb2c28ebbd42e6a44be7827e05', 1, 3, '1', '[]', 0, '2021-12-08 14:01:40', '2021-12-08 14:01:40', '2022-12-08 07:01:40'),
('6c48538ca644b1e6df33d998fe5b9bbdf22f99be72efff193b4c5c73281a0e03c9fb48f8fdcdf216', 1, 3, '1', '[]', 0, '2021-12-08 18:29:23', '2021-12-08 18:29:23', '2022-12-08 11:29:23'),
('6ca0d0361f01ae1c786b38d8dac152dd4004fc6a5007557e067a7c1529e839d3e0517c88047ecbb0', 3, 3, '3', '[]', 0, '2021-12-08 13:44:30', '2021-12-08 13:44:30', '2022-12-08 06:44:30'),
('6cfd9d326eb9ac4df6034e93add9a8064ea052f806ff0cf2b3a84a102abc18eb873edc9a157dafb6', 2, 3, '2', '[]', 0, '2021-12-08 00:55:35', '2021-12-08 00:55:35', '2022-12-07 17:55:35'),
('6d15d615860b09b0a9eb0617afffc42650c4d640b77c636a61e2767fe9d36c06448c05bdc1ea9303', 1, 3, '1', '[]', 0, '2021-12-09 12:05:32', '2021-12-09 12:05:32', '2022-12-09 05:05:32'),
('6db737abc044f0dbd2577333e2f6863db651ebae1c715164ec9766aa150a4f8ad53f53d11185c7d8', 1, 3, '1', '[]', 0, '2021-12-10 13:46:34', '2021-12-10 13:46:34', '2022-12-10 06:46:34'),
('6eba4e1746a23de7a99f24315b4cbc103c68400b70a64175d1fe2a2df8ec312f7bd64b68d3136bee', 1, 3, '1', '[]', 0, '2021-12-08 19:10:46', '2021-12-08 19:10:46', '2022-12-08 12:10:46'),
('709d640b9d938046d73248a39f99cdadf5967ad29c2471c302472a03e7896905452d2eef232b0e36', 1, 3, '1', '[]', 0, '2021-12-09 12:08:31', '2021-12-09 12:08:31', '2022-12-09 05:08:31'),
('70dfc22446925a6d51ee1d7bf5e751923c19703b2a3743e968512a90fb9117eace2465da44dcff40', 1, 1, '1', '[]', 0, '2021-12-07 14:45:18', '2021-12-07 14:45:18', '2022-12-07 07:45:18'),
('711a6b4f5e18f5f63e6bb0c0c9780641deb03c51ba32901f04088f5740af8c0a5c7b42994f9b7ff8', 1, 3, '1', '[]', 0, '2021-12-16 14:14:06', '2021-12-16 14:14:06', '2022-12-16 07:14:06'),
('713b43bf42fc6ebf0b4c5531860f8908cdf6b5cd750c4e6890675febf5d14d42da2a111cf06bc679', 21, 3, '21', '[]', 0, '2022-01-21 22:00:19', '2022-01-21 22:00:19', '2023-01-21 15:00:19'),
('72923c240a418b9d7d6afaef5625fd70d65bdf9d99c213525962186a7334c9bb372330d1bc2051b9', 1, 3, '1', '[]', 0, '2021-12-08 19:32:42', '2021-12-08 19:32:42', '2022-12-08 12:32:42'),
('72e5e3b1903a03d6ce447db5f093af5cb440dd16e3eb37a0ce5d08428cca67b5921fe0d05676626a', 1, 3, '1', '[]', 0, '2021-12-09 13:05:02', '2021-12-09 13:05:02', '2022-12-09 06:05:02'),
('73ab8c59225e5c2f108cdd876f8c251beb60883e3d3336971038c058d3f467f4db57a27c99f5d293', 1, 3, '1', '[]', 0, '2021-12-09 12:00:57', '2021-12-09 12:00:57', '2022-12-09 05:00:57'),
('7424713ac640c69696fbb200d9392afea8d0551aa89e31c7118cdadea1005fc35bb02bf87ab1b730', 1, 3, '1', '[]', 0, '2021-12-16 14:57:59', '2021-12-16 14:57:59', '2022-12-16 07:57:59'),
('74ada9e3eb2bd4785af3d8de37620984968c961629baeec7905fdbea4b86af39c3b99cc525197c77', 1, 3, '1', '[]', 0, '2021-12-09 15:43:14', '2021-12-09 15:43:14', '2022-12-09 08:43:14'),
('776c7f263cd9b3abbb32686751e3e3b3b953db2456557d0cc05c2be34dd0a9af5b1b55cd2e38ee80', 1, 3, '1', '[]', 0, '2021-12-08 19:24:11', '2021-12-08 19:24:11', '2022-12-08 12:24:11'),
('776cd58f8d5673881c1d39fa385839bd8d90bfc8a8206d2ad91e49fa06068190eebc9eb176f72b24', 1, 3, '1', '[]', 0, '2021-12-09 13:38:07', '2021-12-09 13:38:07', '2022-12-09 06:38:07'),
('780a57e4cac740c85afb8e802892e0fea9be7833c19b45c943f37c18e2574999d3c7fe520c3607d2', 1, 3, '1', '[]', 0, '2021-12-09 12:59:02', '2021-12-09 12:59:02', '2022-12-09 05:59:02'),
('78e6a3d112c6a800b240358dfffd3658622ce2d9a36e13e2b2ae5a9c7c99b3dc57f7e0254fa29553', 1, 3, '1', '[]', 0, '2021-12-09 12:01:57', '2021-12-09 12:01:57', '2022-12-09 05:01:57'),
('78eca4c9344e619fd8693e31981c2bb86142b5a758b453d1de1c716b50da7228debb2d13551d6ffb', 6, 3, '6', '[]', 0, '2021-12-21 13:23:45', '2021-12-21 13:23:45', '2022-12-21 06:23:45'),
('796924d30439a701e73c6277b0206ae6ce94d5849989d9dabb369cad6da8fb005cd2a80f72b3a4a5', 1, 3, '1', '[]', 0, '2021-12-08 19:15:06', '2021-12-08 19:15:06', '2022-12-08 12:15:06'),
('7a24a60e3f367e315b0b8baab9904b4ff551b929d613dbb83ea840e75555c80fedc72d552ec6f30b', 1, 3, '1', '[]', 0, '2021-12-17 18:38:07', '2021-12-17 18:38:07', '2022-12-17 11:38:07'),
('7ab191abb759b688c41300e1c9da6770c718d6ab0c4eecf2be497ebe62468e868d200f888206ca0f', 1, 3, '1', '[]', 0, '2021-12-11 08:49:48', '2021-12-11 08:49:48', '2022-12-11 01:49:48'),
('7b6eed84e0833640a2d73262487894b9d44a3661961c6c08df7253bb9bf7ed7c492eaa01c1c4d751', 18, 3, '18', '[]', 1, '2022-01-13 12:44:24', '2022-01-13 12:44:24', '2023-01-13 05:44:24'),
('7b700e90ebbd68f34dc9c2b4bcf795be6bea2ff13922143001ee1457b75c3212d49e56d94d4b412a', 1, 3, '1', '[]', 0, '2021-12-08 19:07:50', '2021-12-08 19:07:50', '2022-12-08 12:07:50'),
('7bd22d8ff12de01e439eccbd4fda87ef9a7008bb9ee5394bd310156b077fde34304072ac2cc70995', 6, 3, '6', '[]', 0, '2021-12-21 13:24:40', '2021-12-21 13:24:40', '2022-12-21 06:24:40'),
('7be8e66f8a1dfd85685edbe4f9cd76c4a54d1528b05a478db6177095ae2d7a742e313e3782c58765', 1, 3, '1', '[]', 0, '2021-12-08 19:15:26', '2021-12-08 19:15:26', '2022-12-08 12:15:26'),
('7c3878e4a7694950a9359a4abfd68fc85f8568ae8fe9056f70e9a6d60559ea451907441b98889002', 1, 1, '1', '[]', 0, '2021-12-07 13:52:11', '2021-12-07 13:52:11', '2022-12-07 06:52:11'),
('7c56eaf2e219754f03c080ead1172c15de764b851e46552b251155a9492f98630c42c605f4c64593', 17, 3, '17', '[]', 1, '2022-01-12 15:25:24', '2022-01-12 15:25:24', '2023-01-12 08:25:24'),
('7cdd18021629ca3d3d9d5df29fdd2a565a2f949b44a282e0c72f68ab2ada26026bdbca668420ff46', 1, 3, '1', '[]', 0, '2021-12-08 20:06:15', '2021-12-08 20:06:15', '2022-12-08 13:06:15'),
('7cfe3ef47887e716b49748610e76100babc199522298b830a6611cfdd619a620987f177a85a5b2f7', 1, 3, '1', '[]', 0, '2021-12-08 19:18:05', '2021-12-08 19:18:05', '2022-12-08 12:18:05'),
('7d6be84cc81e0b6f6ce62c472d6ed6b4a92eb307192c55107642b7a18c7831105c393cff7e3c5af8', 3, 3, '3', '[]', 0, '2021-12-08 13:59:12', '2021-12-08 13:59:12', '2022-12-08 06:59:12'),
('7e22fe6ccdf89480f5752493348474424305dc9b245875d2dfbb7f3d8139acfa0c89c5d3d0af7118', 13, 3, '13', '[]', 0, '2021-12-28 13:36:04', '2021-12-28 13:36:04', '2022-12-28 06:36:04'),
('7eb82935ff38b2ca313f6a2451ddff02a9ba5959c23c2749885fc1be1591ec2bbaf7832e2ba4e552', 4, 3, '4', '[]', 0, '2021-12-10 03:48:59', '2021-12-10 03:48:59', '2022-12-09 20:48:59'),
('7f2f714f20d79403580a68b7f9ef3347f8f0dffa43841a1e51e1afc8b30e27eb5a0ad4a7e41a6604', 3, 3, '3', '[]', 0, '2021-12-08 17:53:50', '2021-12-08 17:53:50', '2022-12-08 10:53:50'),
('7f4b8b165b0217a4cbabb5546bd9953b60d05839edae92869263f451475eef70849c17ed16ba55e0', 3, 3, '3', '[]', 0, '2021-12-08 14:23:18', '2021-12-08 14:23:18', '2022-12-08 07:23:18'),
('7f5dd1476f22b396e022b33521f28e25e0363dfaf29e66c896b21713936d126141f47f5872f874ec', 17, 3, '17', '[]', 0, '2022-01-12 15:46:27', '2022-01-12 15:46:27', '2023-01-12 08:46:27'),
('8066d46b4ef6ac4da932f48eda1a76db4e253902c0614242ed9df5c3763451c003f167be4b37c954', 1, 3, '1', '[]', 0, '2021-12-17 18:55:43', '2021-12-17 18:55:43', '2022-12-17 11:55:43'),
('8104f69bfbebf777f662a04dfa9bb7aaf8e5d5f76c529cbf74d0fe3aa9d55c68728b1a4d57507e9e', 1, 3, '1', '[]', 0, '2021-12-15 18:50:31', '2021-12-15 18:50:31', '2022-12-15 11:50:31'),
('815133c44754c210a12797e38a8ebd3767b471435f07d1b7af4ec28c123955dcfb519c6955274cd0', 17, 3, '17', '[]', 0, '2022-01-14 12:53:11', '2022-01-14 12:53:11', '2023-01-14 05:53:11'),
('8245c011ee444adfcf0c7ca337f80c72f59a55f5f6951da669cdbe0f1f1e85ce09c22b3f41fbe307', 1, 3, '1', '[]', 0, '2021-12-08 19:11:06', '2021-12-08 19:11:06', '2022-12-08 12:11:06'),
('8378854b69474e91233d6249705a172e851fc7548f9f7e63d5d03ba9c402889a5d097d6277ab2705', 6, 3, '6', '[]', 0, '2021-12-25 15:36:50', '2021-12-25 15:36:50', '2022-12-25 08:36:50'),
('83fe82d24cf0016eb472511b1db7b3a6fd71f061349d2214c825fe6d68fde4e94151b0f2b57a6802', 1, 3, '1', '[]', 0, '2021-12-08 19:14:16', '2021-12-08 19:14:16', '2022-12-08 12:14:16'),
('8514e80363be46aed1c524828be6d19f75342fbe4cbcfd292ec356dedfacfbcf510856039be1e19c', 1, 3, '1', '[]', 0, '2021-12-07 19:31:57', '2021-12-07 19:31:57', '2022-12-07 12:31:57'),
('8530e14248779d50457f7df40a7193392b824f0f4f14b8b8a4a37caa4abf7e5bb059bbce822368c4', 6, 3, '6', '[]', 0, '2021-12-22 17:45:40', '2021-12-22 17:45:40', '2022-12-22 10:45:40'),
('8541c28d212094cfc27495954d4ee7c479f989630b058af9cce8b4bdf7d519761d148f285baa2a9b', 1, 3, '1', '[]', 0, '2021-12-08 19:26:38', '2021-12-08 19:26:38', '2022-12-08 12:26:38'),
('8604757a940500eeb8a3a9d0390b6257f2f13e8834ee7d0218726a5f8fe5afed9e50e7c972016e52', 1, 3, '1', '[]', 0, '2021-12-08 14:12:45', '2021-12-08 14:12:45', '2022-12-08 07:12:45'),
('86238ffa433d25625bc6220500537870f6fc9923da7093756dbbdf0f2fd4f9ac47b5eb2cf2e2a23c', 6, 3, '6', '[]', 0, '2021-12-27 18:59:29', '2021-12-27 18:59:29', '2022-12-27 11:59:29'),
('86dad5b2c505c2169723d02a32e28489b1060ccec5d98a07d0fbcff4338e37b926f9f7c21f8010b4', 1, 3, '1', '[]', 0, '2021-12-09 11:57:57', '2021-12-09 11:57:57', '2022-12-09 04:57:57'),
('874762784f50b58e2dab9850835e6b5302fc763e9891e29839f068d47c2e6af3e1e963bb032514a1', 2, 3, '2', '[]', 0, '2021-12-08 00:52:25', '2021-12-08 00:52:25', '2022-12-07 17:52:25'),
('8793d9e45f385e3885a96b1ce71318f199f9829f6d4884e25ae90d13057184fd97ca5b6ba5e763e2', 6, 3, '6', '[]', 0, '2021-12-25 20:52:51', '2021-12-25 20:52:51', '2022-12-25 13:52:51'),
('87ed2e74eb4164ae6991960e70cf3a31e4af76080624ae003dcdf857301d01b7c01d24bc4de3206e', 1, 3, '1', '[]', 0, '2021-12-09 12:09:31', '2021-12-09 12:09:31', '2022-12-09 05:09:31'),
('881fe1547f8b960dcef57cc16ace008c7e9e26cc47b9b6dcddcc56b0ef53eea4fca0fc8d5bf01c98', 3, 3, '3', '[]', 0, '2021-12-08 13:58:28', '2021-12-08 13:58:28', '2022-12-08 06:58:28'),
('8a0cece7e4f04202a611559ab809a68769a8d2b54adbf638f67278bb9137338feea2509b1630d90d', 1, 3, '1', '[]', 0, '2021-12-08 14:08:53', '2021-12-08 14:08:53', '2022-12-08 07:08:53'),
('8bbd8470d2a87c825cfcb25dcc4d84ccba9a6169d61c34563a32abbe48f29b993fe9b7d36b9ad7ed', 1, 1, '1', '[]', 0, '2021-12-07 13:02:30', '2021-12-07 13:02:30', '2022-12-07 06:02:30'),
('8bf4f0759ffce7aad46f8f1a7fa310ef01069f7b03974c5b2d5d719c849c6e38bc966f82558f33da', 13, 3, '13', '[]', 0, '2021-12-28 13:11:20', '2021-12-28 13:11:20', '2022-12-28 06:11:20'),
('8dd6cb13e724da1fa4c3a62deec842d88c2955f45dd5ee32946da722e2a0329d6289cd9837e84c6f', 1, 3, '1', '[]', 0, '2021-12-08 19:12:36', '2021-12-08 19:12:36', '2022-12-08 12:12:36'),
('8e92f1f150184010bf485f6d231577fbe73aca61f1dbb99b0d364e3bff6beaca848a12a132d3b118', 17, 3, '17', '[]', 1, '2022-01-12 15:00:29', '2022-01-12 15:00:29', '2023-01-12 08:00:29'),
('903bfc4c995cfa41ded86fe266c5ba372157261294e040fb4607a601b24ff6807641886b3abb94fd', 1, 3, '1', '[]', 0, '2021-12-09 12:29:11', '2021-12-09 12:29:11', '2022-12-09 05:29:11'),
('9178c7f9083f21bf971fc8e1f1c2f08d1e3c4b14ba87aeb84e797738ef431ce5a0804bc678126d78', 3, 3, '3', '[]', 0, '2021-12-08 13:51:16', '2021-12-08 13:51:16', '2022-12-08 06:51:16'),
('925a2e248cce2960d47aeb08c415fe780e1f52d04e6afeedcc29ca6a962b67d553f9dc119322003c', 1, 1, '1', '[]', 0, '2021-12-07 14:20:35', '2021-12-07 14:20:35', '2022-12-07 07:20:35'),
('9300a9114108bda103c95685e0bddca59dec32c0c57e7ed085ddd19a5342add231caa5c2d57e05f4', 1, 3, '1', '[]', 0, '2021-12-08 19:11:37', '2021-12-08 19:11:37', '2022-12-08 12:11:37'),
('939c67ad68a704c262adb3c77e17495a6dbcc01bcd839db3919b1397f6b722cf2912ef34dc05f084', 3, 3, '3', '[]', 0, '2021-12-09 18:52:27', '2021-12-09 18:52:27', '2022-12-09 11:52:27'),
('9484dd2787c13da4aada7820fb88d60e0860c8a775cef62418744538bb1fc88eef37d486d9270d36', 17, 3, '17', '[]', 1, '2022-01-12 15:47:02', '2022-01-12 15:47:02', '2023-01-12 08:47:02'),
('94e7de22d4b28b560a7f82859a4159c1c79229bee4a6e689dba3158b3cdc57ee93318744e27f3e30', 1, 3, '1', '[]', 0, '2021-12-16 14:58:44', '2021-12-16 14:58:44', '2022-12-16 07:58:44'),
('960f17c827eecdfb67afd065e9546040ed999809dc09b32bbf639268146c23e1e23884cf69deb073', 5, 3, '5', '[]', 1, '2022-01-06 05:44:33', '2022-01-06 05:44:33', '2023-01-05 22:44:33'),
('9649cfd27af60c31667fa598d1cb38047db106811ac6118ead067329af28a615991552494ad13eb9', 19, 3, '19', '[]', 0, '2022-01-13 21:38:49', '2022-01-13 21:38:49', '2023-01-13 14:38:49'),
('97c3f6c26507c5b9853cfcaefe9eb179aa6e3c353ce8879362b10de5948fcf601f3e82c3cf56b3cd', 1, 3, '1', '[]', 0, '2021-12-09 15:21:57', '2021-12-09 15:21:57', '2022-12-09 08:21:57'),
('98ba4cabe7954895fc82233805617c1aea0f54c49c91641c43fbe33e2b186f5859db5eecd86425fa', 1, 1, '1', '[]', 0, '2021-12-07 14:47:57', '2021-12-07 14:47:57', '2022-12-07 07:47:57'),
('98bc14e0ed7c2548c61f2ab5a96ab9f7e087080804bf52036a71904d11466cb318912a48abafeda6', 1, 3, '1', '[]', 0, '2021-12-16 14:16:42', '2021-12-16 14:16:42', '2022-12-16 07:16:42'),
('98bcef229a67189190c36085404ae57aa6515fae9846704980577e187b4a69d9b7dddcdcc248b04d', 1, 3, '1', '[]', 0, '2021-12-09 12:57:00', '2021-12-09 12:57:00', '2022-12-09 05:57:00'),
('98f3fa7dbd591cc0b334668816bd86ed33f04707ea4768d1a7d0378fa86b7c7bf4c9bc3330c39349', 1, 3, '1', '[]', 0, '2021-12-08 14:13:04', '2021-12-08 14:13:04', '2022-12-08 07:13:04'),
('994cf71b2dafb91d89f59f9fc77e847d5e82326aa73983c375175ffeb0cba6b093e1fe3ab6a2439f', 1, 3, '1', '[]', 0, '2021-12-08 19:11:56', '2021-12-08 19:11:56', '2022-12-08 12:11:56'),
('995d9ff01cd5ab1ddb66ae35754547381080396382229e5c1b6e43461bf3eada8e32efab5a79e77b', 1, 3, '1', '[]', 0, '2021-12-08 19:14:36', '2021-12-08 19:14:36', '2022-12-08 12:14:36'),
('9a86f9f57615eed339eddfabbfda1392e5430d8723d9ee8e75c83a2d81b9eefa84e8cd5e11c1f090', 1, 3, '1', '[]', 0, '2021-12-09 12:06:31', '2021-12-09 12:06:31', '2022-12-09 05:06:31'),
('9af97a0aeafeb8acb2bd1ed8c7d74e6a881b65c3e03e46fe063a3364537bb9632adf7a60de3b34de', 1, 3, '1', '[]', 0, '2021-12-08 19:12:46', '2021-12-08 19:12:46', '2022-12-08 12:12:46'),
('9c2f60fa8b0c58c593b855254bbadf6d023fc794df50e6ea7dfec29434f1b92bf7a9d549328b645b', 17, 3, '17', '[]', 0, '2022-01-12 15:47:45', '2022-01-12 15:47:45', '2023-01-12 08:47:45'),
('9d02e618be185253d34bb58b3c1a6fe713cf50973ab6eedca037b80ae4e8409d1ce7c359dce53ebc', 3, 3, '3', '[]', 0, '2021-12-08 13:57:37', '2021-12-08 13:57:37', '2022-12-08 06:57:37'),
('9d42fb06ae8b0e7a0068011c24c72dd29ac2dfb94e6453dcc183f99aee627abed55b639faa14a562', 5, 3, '5', '[]', 0, '2022-01-12 16:13:10', '2022-01-12 16:13:10', '2023-01-12 09:13:10'),
('9da1fb342662c3267214ba0a5b426b68089f79d8b30349bc906e9a86534594a5d8166339b1892dae', 1, 3, '1', '[]', 0, '2021-12-08 19:31:30', '2021-12-08 19:31:30', '2022-12-08 12:31:30'),
('9df87f14529d6da389e7fd826e6b88c3a82bf798e8985809ab72e2ca6e322811d36eb562886c2abc', 1, 3, '1', '[]', 0, '2021-12-08 18:50:33', '2021-12-08 18:50:33', '2022-12-08 11:50:33'),
('9ea55fd993a7e9bbbd46cfb3fa13bd4ac9d8efbe13d572b5c64cb2e1410c6ed3ed8cc1d48b21c8b4', 1, 3, '1', '[]', 0, '2021-12-16 14:59:10', '2021-12-16 14:59:10', '2022-12-16 07:59:10'),
('9f62d7b93fad4d89ca4b1d8f1254e464c24fc6be640de5f63bdd0ebf162598aabf3a7b7109bef8e3', 1, 3, '1', '[]', 0, '2021-12-09 15:43:51', '2021-12-09 15:43:51', '2022-12-09 08:43:51'),
('9fec1b4116970df4f220e16b0459f8ac15ae141d71a010495aa81bca13735fd84325030fbe8285ec', 2, 3, '2', '[]', 0, '2021-12-07 23:58:47', '2021-12-07 23:58:47', '2022-12-07 16:58:47'),
('a051dbc2fae3e1d65eaba67fd0e864eb1b6192266502e1913f39a5ea95eee3e3769c92f6c32187c2', 1, 3, '1', '[]', 0, '2021-12-08 19:22:12', '2021-12-08 19:22:12', '2022-12-08 12:22:12'),
('a09598e88f1075faf540ab60c9d6be19c3ed6a4c7d79d83090ad791dbd18bfa5ac92de51d6c2bf29', 1, 3, '1', '[]', 0, '2021-12-08 19:09:56', '2021-12-08 19:09:56', '2022-12-08 12:09:56'),
('a1451a3f9a8434388e3ba30205397e26e07754ee9d502d3e06e9f34f5f6f92e250c517ede7e2b4d8', 1, 3, '1', '[]', 0, '2021-12-09 11:54:55', '2021-12-09 11:54:55', '2022-12-09 04:54:55'),
('a1ac0d1123ed2f86e8e9d927f1c09527cfb9c8049b082b3e9f1c7808f4ba58113ea3a18a97aea0fc', 1, 1, '1', '[]', 0, '2021-12-06 18:01:19', '2021-12-06 18:01:19', '2022-12-06 11:01:19'),
('a1d0cb95f299c966d3c83479842bd575dfb17ce99ea7ea9bd09db15d551e24ea510d6fd218eec1e6', 1, 1, '1', '[]', 0, '2021-12-02 02:06:37', '2021-12-02 02:06:37', '2022-12-02 07:06:37'),
('a2459eb7bb5999babe700fd6b0fbe0bc8690c90ab25259239e8c00c5135009520e0f65ec9795aa89', 1, 3, '1', '[]', 0, '2021-12-09 12:18:07', '2021-12-09 12:18:07', '2022-12-09 05:18:07'),
('a2bc5f0fff2e1785b98249c0112dcba1ed51316c66b2bad029989806e1e13edb622fd5caadd6c765', 17, 3, '17', '[]', 0, '2022-01-12 14:38:32', '2022-01-12 14:38:32', '2023-01-12 07:38:32'),
('a2cd0f4f891d8d9c8e16452a6390828317adaa81aad5d526c3557a3166a3224aa372ebc38abf942f', 19, 3, '19', '[]', 0, '2022-01-13 12:50:04', '2022-01-13 12:50:04', '2023-01-13 05:50:04'),
('a2d7fd1020fd61d81f9a587cfd39f1ec4df33a35db097e59530c7c9153ef15f2cb44c3d89dad3b6e', 1, 3, '1', '[]', 0, '2021-12-08 15:20:20', '2021-12-08 15:20:20', '2022-12-08 08:20:20'),
('a3b930c7666f77fcb16f2f90b61ff7eb22c825de0d27849b77ee1cb79c2bf22f519394bbddb457f6', 1, 3, '1', '[]', 0, '2021-12-08 19:16:35', '2021-12-08 19:16:35', '2022-12-08 12:16:35'),
('a483a3b00be461f3f453b4f995d7be611684aeea592d98bd2a7074d98f34e2f8746ed8a3c70ff4d2', 1, 3, '1', '[]', 0, '2021-12-09 15:10:29', '2021-12-09 15:10:29', '2022-12-09 08:10:29'),
('a4b2cd4f6aea1e4a8575ba4b127833a8c30af135468c9cd6b45f6394b7c7399b34e7dbfaa9bc67d2', 1, 1, '1', '[]', 0, '2021-12-06 19:03:31', '2021-12-06 19:03:31', '2022-12-06 12:03:31'),
('a5cf9a41abce504f2dd20deb3c92c632cc3e5672fda47ccfa3c153936d6cd4bc594247db1bae8df2', 1, 1, '1', '[]', 0, '2021-12-07 13:52:56', '2021-12-07 13:52:56', '2022-12-07 06:52:56'),
('a5d1f852a540c3e8edd71d5397e97a3a2f6c4d636b37b56405c45d32b3a1058383ebbfcdf7d99b1b', 3, 3, '3', '[]', 0, '2021-12-08 14:22:54', '2021-12-08 14:22:54', '2022-12-08 07:22:54'),
('a62413073c552405622283c8178cab480c245762c9704459fb0d87ee7457adf6a9c1d92bdc37e312', 1, 3, '1', '[]', 0, '2021-12-08 14:04:12', '2021-12-08 14:04:12', '2022-12-08 07:04:12'),
('a6e56f148682cd74de85916dd990c2f2dffcf45dacfab96a2abae712d865cee0f38bffac3ccb028d', 1, 3, '1', '[]', 0, '2021-12-16 15:08:17', '2021-12-16 15:08:17', '2022-12-16 08:08:17'),
('a78dfe9099e2ff1cc64ae2580a76848811096e39222d3cc26cf78ebbaeae28d87f46a5a57c93cb16', 17, 3, '17', '[]', 1, '2022-01-12 15:41:40', '2022-01-12 15:41:40', '2023-01-12 08:41:40'),
('a7d8b4201caa77f7c43a4c348c9abf2d5c97c702c90004590836c4c6b542955f9ed5520751086a7b', 6, 3, '6', '[]', 0, '2021-12-27 18:54:25', '2021-12-27 18:54:25', '2022-12-27 11:54:25'),
('a8307900e7b53d4c873fa1d0c5c876e2fd92622b0564e102b23683c37655b9c529d4a64ba07dc822', 1, 3, '1', '[]', 0, '2021-12-08 14:01:55', '2021-12-08 14:01:55', '2022-12-08 07:01:55'),
('a9e192efd9da4c21e827bbfb1232a4050b536de9d40249fd6ef329f47ab4ceaabd93bfec4fbbcb0e', 22, 3, '22', '[]', 0, '2022-01-21 22:05:28', '2022-01-21 22:05:28', '2023-01-21 15:05:28'),
('ab245691fb9bda222c6a6ee35f16a01c14eee143bbb602934c4aa9a1596a535e4be97fe45d4b0ac6', 1, 3, '1', '[]', 0, '2021-12-09 12:25:12', '2021-12-09 12:25:12', '2022-12-09 05:25:12'),
('abc3e997720b6485a4cc2e026a8cd80a91a9730baff13bcccc7215e6e54e947eae9fe132a8902e3c', 7, 3, '7', '[]', 0, '2021-12-21 13:19:19', '2021-12-21 13:19:19', '2022-12-21 06:19:19'),
('ac7ddca7430e1c4c6611f0343513c68985ac6c5424d1aa095bdf59de80edbc77e6fcfb08da43e70a', 1, 3, '1', '[]', 0, '2021-12-08 19:17:59', '2021-12-08 19:17:59', '2022-12-08 12:17:59'),
('ad363edd59bffd0c42827c201fd98c296833fd5b32e5069be38870896eaa115712af81e779dfd874', 17, 3, '17', '[]', 0, '2022-01-13 21:33:51', '2022-01-13 21:33:51', '2023-01-13 14:33:51'),
('ad485ffc6230fe5e5483cbcac50e2d6505c18cba079f3489e4653d5bfea13f33af9a12861294421b', 1, 3, '1', '[]', 0, '2021-12-15 18:38:18', '2021-12-15 18:38:18', '2022-12-15 11:38:18'),
('ae53e21a423d40198934444a7e1352fd4f546e36929a1bf712380fe1d0578d8ceddc710a74d4eab5', 3, 3, '3', '[]', 0, '2021-12-09 18:52:21', '2021-12-09 18:52:21', '2022-12-09 11:52:21'),
('af20dee956d975f4bf599d62218980f39f0dcf132978f988b44cde52b4d10d8f664920f4e4ad67dc', 1, 3, '1', '[]', 0, '2021-12-15 17:25:42', '2021-12-15 17:25:42', '2022-12-15 10:25:42'),
('afd96c9c914de0a7846003440734ee75edee26565d0a1df0e4575ce3071a80693fdc38efe2bee7c4', 1, 3, '1', '[]', 0, '2021-12-10 13:48:04', '2021-12-10 13:48:04', '2022-12-10 06:48:04'),
('b0879bde1ababe9193ac1b22e0ae575e8a7e6cb28ddc9cb20e76476df2414ec317c67d6c4fd39742', 1, 3, '1', '[]', 0, '2021-12-08 19:13:26', '2021-12-08 19:13:26', '2022-12-08 12:13:26'),
('b46e6b808a6b0e2ba388cc6290b9d34ee126bd9727940a5e5e9d3d79d873ab06ea3ece6aefebacc6', 1, 3, '1', '[]', 0, '2021-12-08 19:16:51', '2021-12-08 19:16:51', '2022-12-08 12:16:51'),
('b72ea031ff1be47273996d97cc2631bd96a2c2709708bf66499eb281c1860fef4f2081c745aac3bf', 1, 3, '1', '[]', 0, '2021-12-08 19:17:45', '2021-12-08 19:17:45', '2022-12-08 12:17:45'),
('b7b40d2a4ae5b4bce27144c0114248f2c84613ff41eeaa287639d21451689c80295900983a8f50d5', 1, 3, '1', '[]', 0, '2021-12-09 13:03:02', '2021-12-09 13:03:02', '2022-12-09 06:03:02'),
('b9da80a822537fbc25ebbbfbe85a7b7893e396c5befccb6ce312bf7be756defe490c936222bffa1d', 1, 1, '1', '[]', 0, '2021-12-07 15:11:49', '2021-12-07 15:11:49', '2022-12-07 08:11:49'),
('ba0dcbc2ecbec9f1d9a05c2e24d4dc60141c2c66e1a5c43cafc58b4d920d5db67f87885866a8adf8', 2, 3, '2', '[]', 0, '2021-12-08 14:10:04', '2021-12-08 14:10:04', '2022-12-08 07:10:04'),
('ba928ac93306cd9594b3248f3abbd83261be0b33f99a3f3011a9678cae09778440585d0352b31a93', 1, 3, '1', '[]', 0, '2021-12-08 19:13:16', '2021-12-08 19:13:16', '2022-12-08 12:13:16'),
('badbb73b2c21fb2f0d9ef75556eadabf15f4c8b14caa5db23006712783ec621976a1ec3c409b63af', 1, 3, '1', '[]', 0, '2021-12-09 13:13:02', '2021-12-09 13:13:02', '2022-12-09 06:13:02'),
('bb75e8e969d075d474e574d7c607513376cca2d142ac87436e53f2c6bd7782a12f38325322d57afc', 5, 3, '5', '[]', 0, '2021-12-27 05:47:29', '2021-12-27 05:47:29', '2022-12-26 22:47:29'),
('bcdc8d2ab84332e15c394f626c99d596c39312df82b2eefead5342261fb3d116989733249478c570', 3, 3, '3', '[]', 0, '2021-12-08 13:48:56', '2021-12-08 13:48:56', '2022-12-08 06:48:56'),
('be388cef3c41d4e67a52c7a3dfb0a4d2742be850d576575eada083a72f4beada40c3c8951d251fef', 6, 3, '6', '[]', 0, '2021-12-21 13:45:04', '2021-12-21 13:45:04', '2022-12-21 06:45:04'),
('bea7063899704015543a064887a1d786dd50bff2cc27dedad09afea4f2880800ea1430daadb9ba75', 1, 3, '1', '[]', 0, '2021-12-08 19:13:06', '2021-12-08 19:13:06', '2022-12-08 12:13:06'),
('bf81cfe3198684d4cf8ab34586d3f77cf8f87324d2e1b282c922138b3e17b7ff9141b3833ee64d07', 1, 3, '1', '[]', 0, '2021-12-09 17:52:47', '2021-12-09 17:52:47', '2022-12-09 10:52:47'),
('bffbe66e6200c8f02aaaae9555916657800fc30f1749f31e87885a589607e5acd78900a52db804a0', 1, 3, '1', '[]', 0, '2021-12-08 14:09:00', '2021-12-08 14:09:00', '2022-12-08 07:09:00'),
('c07b5a628cf9524d5205d9119d39b760eb68822a1da9ec56d8fd8d10d1bcd123f9fc3aa858e7de1b', 1, 3, '1', '[]', 0, '2021-12-09 18:49:15', '2021-12-09 18:49:15', '2022-12-09 11:49:15'),
('c2a72259333c1a14ba596212c63c49662f3d56361c95ff9e3760a5e2d90c0227197d0c9d1d4bfde4', 17, 3, '17', '[]', 0, '2022-01-07 18:15:53', '2022-01-07 18:15:53', '2023-01-07 11:15:53'),
('c3e4e4d0ddb96b518ac25a080a9cd47312ebf6c3cb55f4c5c119ebc6bb57593750a40c1ffda89654', 1, 3, '1', '[]', 0, '2021-12-08 14:01:29', '2021-12-08 14:01:29', '2022-12-08 07:01:29'),
('c4784dadbed8bda39e49f8596485fa89e75264e40373054b359ade7ce40e0d46240bc080a12d586f', 1, 3, '1', '[]', 0, '2021-12-08 19:16:25', '2021-12-08 19:16:25', '2022-12-08 12:16:25'),
('c64aa1d2fa01cb21f2b23a603b41e84f720666187730b40aaa52ff52e004dc370611e13aef59d1e1', 1, 3, '1', '[]', 0, '2021-12-08 14:02:23', '2021-12-08 14:02:23', '2022-12-08 07:02:23'),
('c721e70f8f462a6b90c168250be7f6aca1ac2b327da42e1d832339b5094b996f1c1c53152e93a508', 1, 3, '1', '[]', 0, '2021-12-09 11:55:57', '2021-12-09 11:55:57', '2022-12-09 04:55:57'),
('c910cb9f20813df95d75cb2b463a4138dbae91a4bd3994a2fae4cc9544ee89caef1d023a8107ca6a', 1, 1, '1', '[]', 0, '2021-12-07 13:55:06', '2021-12-07 13:55:06', '2022-12-07 06:55:06'),
('c9f38cd3f94ffe3cf4954da2abe5da8d8da0506417aa3931c122b814faf7299215f998851aa993d2', 1, 3, '1', '[]', 0, '2021-12-08 19:21:32', '2021-12-08 19:21:32', '2022-12-08 12:21:32'),
('cc46431584abb1553a1e469a706f4c2f91e9c2d207916062fc5a9608622a69b9e1bd1b0dfe206dba', 1, 3, '1', '[]', 0, '2021-12-08 18:42:43', '2021-12-08 18:42:43', '2022-12-08 11:42:43'),
('cc5cf83b0c42a9240f518bb158d9fa6b0dddc9d778f29477715c570005594468c34a3e6349e7fae2', 6, 3, '6', '[]', 0, '2021-12-25 15:22:20', '2021-12-25 15:22:20', '2022-12-25 08:22:20'),
('cd57c8cee6fa788ee35de5bce1c06cecaefd4edeb443b01f7a13d5f70ced28afc4e755acc732896b', 17, 3, '17', '[]', 0, '2021-12-31 11:55:05', '2021-12-31 11:55:05', '2022-12-31 04:55:05'),
('ce3bb6eef5719726c3e818da4e1ca6b2e88e3edb78beb63f1936d9986a4f17fa247d44f8fff1d839', 6, 3, '6', '[]', 0, '2021-12-28 12:46:50', '2021-12-28 12:46:50', '2022-12-28 05:46:50'),
('ce4e29b5de3815261fb2da8624f2a8d12ce1861c145338f924072e3d144844897785ea9928a17e8a', 1, 3, '1', '[]', 0, '2021-12-08 19:07:37', '2021-12-08 19:07:37', '2022-12-08 12:07:37'),
('ce6176dbe2aa430598a8388f65f9ccf2dfcfde52614ba95fa930f5ec7551d96c478aaf5054d222a5', 1, 3, '1', '[]', 0, '2021-12-08 19:10:06', '2021-12-08 19:10:06', '2022-12-08 12:10:06'),
('cf7b008eb9091bfe994675c4938d8eed4f6ffba0242c10ecda7f8bcded33ef060eac4ac864168c93', 3, 3, '3', '[]', 0, '2021-12-08 14:45:56', '2021-12-08 14:45:56', '2022-12-08 07:45:56'),
('d0d24c2ab2c4833ba80048c9a7567499df508cfc23c3321e55ba8c98286adb9124a2e1dc39b80eb3', 1, 3, '1', '[]', 0, '2021-12-09 17:35:00', '2021-12-09 17:35:00', '2022-12-09 10:35:00'),
('d172306865a6247da706945e5956cd2963ebf0cea101c1e5b7a9deb2dcf20b6de85a04233e05aead', 1, 3, '1', '[]', 0, '2021-12-08 14:09:31', '2021-12-08 14:09:31', '2022-12-08 07:09:31'),
('d188d4dfd486dbb033f1ed5592c30ee3f6d6b7e1a6d30ae4122e27ca228c0abe337ba8804b3ad9f7', 1, 3, '1', '[]', 0, '2021-12-08 19:15:36', '2021-12-08 19:15:36', '2022-12-08 12:15:36');
INSERT INTO `oauth_access_tokens` (`id`, `user_id`, `client_id`, `name`, `scopes`, `revoked`, `created_at`, `updated_at`, `expires_at`) VALUES
('d28b0acb165bb2567dba923379e4485fbc440fa35e875bed5d0e8ec1661f8c4b117505b507f1729b', 17, 3, '17', '[]', 0, '2022-01-13 13:11:03', '2022-01-13 13:11:03', '2023-01-13 06:11:03'),
('d5b2b45c9f66d78113bc88dc9d18f028dd3b2b68f78bec5cadbb46ad4b243545d2057f211410d818', 3, 3, '3', '[]', 0, '2021-12-08 13:45:27', '2021-12-08 13:45:27', '2022-12-08 06:45:27'),
('d62e4430c509f134f60d3a0c5da8a5a02f2671bb4381006c7895729e0ba2ee987b0fbeaaa4af6b88', 17, 3, '17', '[]', 0, '2022-01-13 21:34:42', '2022-01-13 21:34:42', '2023-01-13 14:34:42'),
('d668afc789a19f744c14c8374377d39de884a394f7ae48c337e0f06971c237b019859d58b4aa423a', 5, 3, '5', '[]', 0, '2022-01-15 16:01:36', '2022-01-15 16:01:36', '2023-01-15 09:01:36'),
('d6eec8cd04029365203c1dd71b3347e847b251c2580008d086cd3e5a75b5647f23210eabccc5a028', 1, 3, '1', '[]', 0, '2021-12-08 19:11:46', '2021-12-08 19:11:46', '2022-12-08 12:11:46'),
('d7e8fcce82bbe3cc9b63ba459c57d8fa5d13e1e76196a798bd03c374f06cf42a9b03569bb8dbef6d', 1, 3, '1', '[]', 0, '2021-12-08 19:11:16', '2021-12-08 19:11:16', '2022-12-08 12:11:16'),
('d8601bafbdfe0754c4be2a41627beb07589e9f50428b5ce8d8961f9d7af513ad935dbc476e75e368', 1, 1, '1', '[]', 0, '2021-12-06 18:18:22', '2021-12-06 18:18:22', '2022-12-06 11:18:22'),
('d87973a16af821d5d409194ace96c73483ff3af9cc36d18af1bec56d7cbecc0b1ccd491036981b54', 6, 3, '6', '[]', 0, '2021-12-25 14:58:40', '2021-12-25 14:58:40', '2022-12-25 07:58:40'),
('d95754f941702c28b7844a0c69153a9cca5cf1b7f519a849561d6cfdfb9de130a56385c4c34002c2', 1, 3, '1', '[]', 0, '2021-12-16 14:20:32', '2021-12-16 14:20:32', '2022-12-16 07:20:32'),
('d9e7bec2e1b785579cc22d4f5bcb7f80c877322b9c527effcfe9cf5d04fa67f0be2ce769792f89e6', 7, 3, '7', '[]', 0, '2021-12-24 01:22:21', '2021-12-24 01:22:21', '2022-12-23 18:22:21'),
('dabf5374b9d556f58c3c480fab6dfbefede582c65d1630832ea76cac57b7b8ebf30af8d7193b10c1', 1, 3, '1', '[]', 0, '2021-12-08 19:10:36', '2021-12-08 19:10:36', '2022-12-08 12:10:36'),
('dac0331ecd80b2d473df81ac8418a1c0f3a9df99dc65a0ce28dc9339c718b7d8ae51cfeeec7274b4', 1, 3, '1', '[]', 0, '2021-12-08 19:13:46', '2021-12-08 19:13:46', '2022-12-08 12:13:46'),
('dbaff987b803fafff51fb9e0a49072b2dc5f0544137d4736577157bda14b812ec2de54c7b78fe595', 17, 3, '17', '[]', 0, '2022-01-12 13:50:56', '2022-01-12 13:50:56', '2023-01-12 06:50:56'),
('dbbd55b40ecd5e92c9c098af9eaffecb431b0755079af8282f052cb7c95fbf90877662c7c1a95320', 17, 3, '17', '[]', 0, '2022-01-12 13:49:49', '2022-01-12 13:49:49', '2023-01-12 06:49:49'),
('dbf68623fc01b65f82edb2a5fab9c34d901e3d5a6adcdff4cd7cccc8b46f26a18f5b8ea965794ee7', 17, 3, '17', '[]', 0, '2022-01-12 12:46:24', '2022-01-12 12:46:24', '2023-01-12 05:46:24'),
('dc3f6951e7f7615a45a297e0bce2ea7f7028afc482af26aef985e27b3c59aaa156dd7d079721fbad', 17, 3, '17', '[]', 0, '2021-12-31 14:06:45', '2021-12-31 14:06:45', '2022-12-31 07:06:45'),
('dcc5028d6ea5dad3868be7edc4d1dc50fc7f14bca4e890c7387fef59aa7983017faf8a822c390bfa', 1, 3, '1', '[]', 0, '2021-12-09 15:20:56', '2021-12-09 15:20:56', '2022-12-09 08:20:56'),
('ddb477aa9b8b7192587e7641b84532041b9754039b4465435e92da50649a8c3d4fd3f1425eb58470', 1, 3, '1', '[]', 0, '2021-12-09 13:01:02', '2021-12-09 13:01:02', '2022-12-09 06:01:02'),
('dee54b97a045228fe6dbe7fe128a317c5bf8ec87782144e5d441eeccfe207562c1b11b9685f632b1', 1, 3, '1', '[]', 0, '2021-12-09 17:53:26', '2021-12-09 17:53:26', '2022-12-09 10:53:26'),
('df950853022531d0f1b0b46e95863c604befedd3d5f949ad7003b746845fb5fd67f1ed039b81ab88', 14, 3, '14', '[]', 0, '2021-12-28 13:49:22', '2021-12-28 13:49:22', '2022-12-28 06:49:22'),
('e070130415b5e51b83e156b27a09c646ecbd880bf856aba8c2ec7650c25d43cec3b5aac2cee4ee43', 13, 3, '13', '[]', 0, '2021-12-28 13:41:22', '2021-12-28 13:41:22', '2022-12-28 06:41:22'),
('e2c163636682ef38e4758d41d888d42ba0444987e7cc40fd40f51c41cb2db4ddbc054d7ad8979121', 2, 3, '2', '[]', 0, '2021-12-08 14:18:17', '2021-12-08 14:18:17', '2022-12-08 07:18:17'),
('e451185806d51417a778627b92ed9ba2c93e28631ed8f0f690a3044ec3a2a50dfb7266244e15feaf', 1, 1, '1', '[]', 0, '2021-12-07 13:46:04', '2021-12-07 13:46:04', '2022-12-07 06:46:04'),
('e4e7009d9386558902f0dc8f3d6850ef089fd13f7c7f222834915cd06ce635ba3aae34b9fb40dcf0', 1, 3, '1', '[]', 0, '2021-12-09 15:42:52', '2021-12-09 15:42:52', '2022-12-09 08:42:52'),
('e56ea0fffea4dc33014a1f45acfdc7013310f44afc591ebd86e4a2cc6ca2606850dad72d6486fa88', 1, 3, '1', '[]', 0, '2021-12-09 15:43:39', '2021-12-09 15:43:39', '2022-12-09 08:43:39'),
('e5d3b8f7fc84ad6b545ab3e53c1c476a2e9310616d9201071769bc60d4c3eca09ae0794a9d7bd082', 3, 3, '3', '[]', 0, '2021-12-08 13:43:20', '2021-12-08 13:43:20', '2022-12-08 06:43:20'),
('e5d79978119eb86cdc33b0f12b5abeddaff21925b217376a1fb6375d8f7fc79ad23441b2b64884e9', 1, 1, '1', '[]', 0, '2021-12-06 19:42:31', '2021-12-06 19:42:31', '2022-12-06 12:42:31'),
('e5e90241bae328c25122db1e502b870025df7066d6c92e4483f26b04630e7fb4f72c7b275d612579', 1, 3, '1', '[]', 0, '2021-12-08 14:04:07', '2021-12-08 14:04:07', '2022-12-08 07:04:07'),
('e6d63500ca55638228f9a1cc8ec4d068d8ebf8f1c69c064da0edb099fe07e19a88f3a14f2d1b3bcd', 1, 3, '1', '[]', 0, '2021-12-08 19:10:26', '2021-12-08 19:10:26', '2022-12-08 12:10:26'),
('e7bf3bd6727ccca100606d73a161a6677e9d8ccd973e5b9b47160c2045feda8bb2840879e9764861', 1, 3, '1', '[]', 0, '2021-12-09 13:16:46', '2021-12-09 13:16:46', '2022-12-09 06:16:46'),
('e86ddaf32badf9983441c9daecbd1970282a0d3d3708ab7a4de78bb3243bff420ef1070fe7db753e', 1, 3, '1', '[]', 0, '2021-12-10 18:01:22', '2021-12-10 18:01:22', '2022-12-10 11:01:22'),
('e97a3724849e8c9a532e0e5e10d4f64c960fc3c060b1624469f131c8b73f09b9e166a39cfb4ddbdc', 1, 3, '1', '[]', 0, '2021-12-08 19:07:37', '2021-12-08 19:07:37', '2022-12-08 12:07:37'),
('ec5668281ad7a0e1ba2a87eb4e171e007fee0adbd5fb632607ef8ebaa67eeba3eda4869a2edcf734', 19, 3, '19', '[]', 0, '2022-01-13 21:39:23', '2022-01-13 21:39:23', '2023-01-13 14:39:23'),
('ec935cf97a61bffc2269acf3f7777527c751f832d457325f811dee68949f0ebf4ba2c2d2d53b3e42', 1, 3, '1', '[]', 0, '2021-12-16 14:56:57', '2021-12-16 14:56:57', '2022-12-16 07:56:57'),
('ee2e915ece99919cc9a4fa06b018afb658c281a7b064450ae48160c50b82bf6ad495b229957e75da', 3, 3, '3', '[]', 0, '2021-12-08 13:49:04', '2021-12-08 13:49:04', '2022-12-08 06:49:04'),
('ee3014cc2b9d0e20f23550ae67e5d63da0f84fb1f7017413433bd6135a3eb38635df34f946fbbd7f', 17, 3, '17', '[]', 0, '2022-01-07 18:15:18', '2022-01-07 18:15:18', '2023-01-07 11:15:18'),
('ef691ce6aaa7cc966eb06373bef738c4d16336573e7bf887bf14cd0be3b4cec9492a482e08b87b41', 1, 3, '1', '[]', 0, '2021-12-17 17:54:30', '2021-12-17 17:54:30', '2022-12-17 10:54:30'),
('f118bbcb6ad178b81693ac4e3653102e3838f77fbb37e5b3c5b61347c5ca1df5c7081fe8b0614733', 1, 3, '1', '[]', 0, '2021-12-08 15:19:06', '2021-12-08 15:19:06', '2022-12-08 08:19:06'),
('f15b3570b540503c80925e0745a2769728b041060bcb5ff6c73c9f48aef4a247f4cf6cfc54ec439c', 1, 3, '1', '[]', 0, '2021-12-08 19:21:52', '2021-12-08 19:21:52', '2022-12-08 12:21:52'),
('f1b0e0cc3a4cc85952349399b8e8cd401e7ff2cc17e3cb38d2ddcf8778e8cfa02f1bd4d7bc657c89', 1, 1, '1', '[]', 0, '2021-12-07 14:19:46', '2021-12-07 14:19:46', '2022-12-07 07:19:46'),
('f2e238dc9e21d56afe7fceab3df5177ef6672054d0ad55cf15872ec4f727f5ef01e9f15ff247c240', 1, 3, '1', '[]', 0, '2021-12-08 14:01:32', '2021-12-08 14:01:32', '2022-12-08 07:01:32'),
('f36ca8601935865126af2eb78a61e007a6d755a39b11997425114fd0338fa4ea2ffa0ba6c73eb406', 6, 3, '6', '[]', 0, '2021-12-21 13:14:25', '2021-12-21 13:14:25', '2022-12-21 06:14:25'),
('f3cd6e55d40ec4abea7e6ca87026ff9ba05e9e79e68d9bfd7b49984aab04a2778f5ce9955e885a8c', 1, 1, '1', '[]', 0, '2021-12-07 13:01:36', '2021-12-07 13:01:36', '2022-12-07 06:01:36'),
('f3d1c499cbd6fbd3434f8ccec9c27b84695b74634434292b237da6bb0eb5479ef7445a7fc0090b66', 17, 3, '17', '[]', 1, '2022-01-12 15:18:07', '2022-01-12 15:18:07', '2023-01-12 08:18:07'),
('f3e90e176ec10339653a469224f0f87760c4786df5153d5ac891edea96d9e49884bf50fccc457ba0', 1, 3, '1', '[]', 0, '2021-12-09 14:42:19', '2021-12-09 14:42:19', '2022-12-09 07:42:19'),
('f611e641c710d1d3257cdddeea09bbc200b0338ef15fa6d0b0c048ba76987fc15e5b25baca5b056d', 17, 3, '17', '[]', 0, '2022-01-12 12:46:54', '2022-01-12 12:46:54', '2023-01-12 05:46:54'),
('f6169e7c20295dd5aaef0c369dd63bfc356a40d4321ba68bc5e8738f5b68f083c289329ecea170a5', 1, 3, '1', '[]', 0, '2021-12-08 19:08:10', '2021-12-08 19:08:10', '2022-12-08 12:08:10'),
('f63190f6948e6d8921e501447d4c069402ec27caf8ca227dc0b02eed738281eb5e5d5351ac1c39ee', 1, 3, '1', '[]', 0, '2021-12-10 18:59:13', '2021-12-10 18:59:13', '2022-12-10 11:59:13'),
('f6de8366460472e343f4aad782c40b27d2ac04cfbb4e986a88e23348198eda9a203c13005c0e73ab', 1, 3, '1', '[]', 0, '2021-12-08 14:01:10', '2021-12-08 14:01:10', '2022-12-08 07:01:10'),
('f7e5d02461ea278775874287ed74cf9e41682a3059a1b9fa9a1106553fc6138c864402b4d63066cd', 1, 3, '1', '[]', 0, '2021-12-09 12:31:11', '2021-12-09 12:31:11', '2022-12-09 05:31:11'),
('f8164a0f72669eb07a893bc89b6585aae838cfdacc410a103b33b2048d9ab6b8b9e252e6e0a3e9a9', 1, 3, '1', '[]', 0, '2021-12-08 14:03:50', '2021-12-08 14:03:50', '2022-12-08 07:03:50'),
('f8caccf70672574509c1909011a4d9b2c3dafc747f92895e487758f045fe885cc1139afcbadde410', 17, 3, '17', '[]', 0, '2022-01-12 15:44:46', '2022-01-12 15:44:46', '2023-01-12 08:44:46'),
('f9e2207912b8903cdd38538797d64f6752bbc54a1c33a08f60d1b76a66bc7b17353e8591d771ccd7', 6, 3, '6', '[]', 0, '2021-12-25 18:50:31', '2021-12-25 18:50:31', '2022-12-25 11:50:31'),
('faa7616d4c21dec2555fbb0382cf8b806bafcd13d72a7a5f0bc4e7389c83247cc75e64660677f73b', 1, 3, '1', '[]', 0, '2021-12-08 14:07:34', '2021-12-08 14:07:34', '2022-12-08 07:07:34'),
('fab53276be557af3313c909761a6f69dd0eff7e97f359aba975b7c05bfa6777365df556f47b590b7', 15, 3, '15', '[]', 0, '2021-12-28 13:59:50', '2021-12-28 13:59:50', '2022-12-28 06:59:50'),
('fe4f5a52f85f2e9b1781238435b3a78377cbb1c4c9a6cb02619783faedf72c8ed69248f0d6abd110', 1, 3, '1', '[]', 0, '2021-12-08 19:10:56', '2021-12-08 19:10:56', '2022-12-08 12:10:56'),
('ff17f016d6cb15a804f2e449797d09d5639b7a05d566b60b1e5cb4d60d3bd9339b5645461fbf1206', 1, 3, '1', '[]', 0, '2021-12-08 19:10:16', '2021-12-08 19:10:16', '2022-12-08 12:10:16'),
('fffd93118699ae46af984696085e64269f7f07fa8f2e09a80a02cd7f101733c1ab9b58d0cdf92a0c', 17, 3, '17', '[]', 0, '2022-01-12 14:31:40', '2022-01-12 14:31:40', '2023-01-12 07:31:40');

-- --------------------------------------------------------

--
-- Table structure for table `oauth_auth_codes`
--

CREATE TABLE `oauth_auth_codes` (
  `id` varchar(100) COLLATE utf8mb4_unicode_ci NOT NULL,
  `user_id` bigint(20) UNSIGNED NOT NULL,
  `client_id` bigint(20) UNSIGNED NOT NULL,
  `scopes` text COLLATE utf8mb4_unicode_ci,
  `revoked` tinyint(1) NOT NULL,
  `expires_at` datetime DEFAULT NULL
) ENGINE=InnoDB DEFAULT CHARSET=utf8mb4 COLLATE=utf8mb4_unicode_ci;

-- --------------------------------------------------------

--
-- Table structure for table `oauth_clients`
--

CREATE TABLE `oauth_clients` (
  `id` bigint(20) UNSIGNED NOT NULL,
  `user_id` bigint(20) UNSIGNED DEFAULT NULL,
  `name` varchar(191) COLLATE utf8mb4_unicode_ci NOT NULL,
  `secret` varchar(100) COLLATE utf8mb4_unicode_ci DEFAULT NULL,
  `provider` varchar(191) COLLATE utf8mb4_unicode_ci DEFAULT NULL,
  `redirect` text COLLATE utf8mb4_unicode_ci NOT NULL,
  `personal_access_client` tinyint(1) NOT NULL,
  `password_client` tinyint(1) NOT NULL,
  `revoked` tinyint(1) NOT NULL,
  `created_at` timestamp NULL DEFAULT NULL,
  `updated_at` timestamp NULL DEFAULT NULL
) ENGINE=InnoDB DEFAULT CHARSET=utf8mb4 COLLATE=utf8mb4_unicode_ci;

--
-- Dumping data for table `oauth_clients`
--

INSERT INTO `oauth_clients` (`id`, `user_id`, `name`, `secret`, `provider`, `redirect`, `personal_access_client`, `password_client`, `revoked`, `created_at`, `updated_at`) VALUES
(1, NULL, 'Laravel Personal Access Client', 'ffK7b5iHSibRFYG2g89apXxhgwUCEwdVXDvR1WVJ', NULL, 'http://localhost', 1, 0, 0, '2021-12-02 01:58:59', '2021-12-02 01:58:59'),
(2, NULL, 'Laravel Password Grant Client', '21OfplXg5MWnZRim18tkfrn6h2ztizp7scbfbJZZ', 'users', 'http://localhost', 0, 1, 0, '2021-12-02 01:58:59', '2021-12-02 01:58:59'),
(3, NULL, 'Laravel Personal Access Client', 'zaE2whwZVkQsYGWMtPujYBtFP57dqeLX7pogZQUn', NULL, 'http://localhost', 1, 0, 0, '2021-12-07 15:27:54', '2021-12-07 15:27:54'),
(4, NULL, 'Laravel Password Grant Client', '85XkCYLs9lEz9qu0wDFopmS0NgND3vbToilKGKVT', 'users', 'http://localhost', 0, 1, 0, '2021-12-07 15:27:54', '2021-12-07 15:27:54');

-- --------------------------------------------------------

--
-- Table structure for table `oauth_personal_access_clients`
--

CREATE TABLE `oauth_personal_access_clients` (
  `id` bigint(20) UNSIGNED NOT NULL,
  `client_id` bigint(20) UNSIGNED NOT NULL,
  `created_at` timestamp NULL DEFAULT NULL,
  `updated_at` timestamp NULL DEFAULT NULL
) ENGINE=InnoDB DEFAULT CHARSET=utf8mb4 COLLATE=utf8mb4_unicode_ci;

--
-- Dumping data for table `oauth_personal_access_clients`
--

INSERT INTO `oauth_personal_access_clients` (`id`, `client_id`, `created_at`, `updated_at`) VALUES
(1, 1, '2021-12-02 01:58:59', '2021-12-02 01:58:59'),
(2, 3, '2021-12-07 15:27:54', '2021-12-07 15:27:54');

-- --------------------------------------------------------

--
-- Table structure for table `oauth_refresh_tokens`
--

CREATE TABLE `oauth_refresh_tokens` (
  `id` varchar(100) COLLATE utf8mb4_unicode_ci NOT NULL,
  `access_token_id` varchar(100) COLLATE utf8mb4_unicode_ci NOT NULL,
  `revoked` tinyint(1) NOT NULL,
  `expires_at` datetime DEFAULT NULL
) ENGINE=InnoDB DEFAULT CHARSET=utf8mb4 COLLATE=utf8mb4_unicode_ci;

-- --------------------------------------------------------

--
-- Table structure for table `password_resets`
--

CREATE TABLE `password_resets` (
  `email` varchar(191) COLLATE utf8mb4_unicode_ci NOT NULL,
  `token` varchar(191) COLLATE utf8mb4_unicode_ci NOT NULL,
  `created_at` timestamp NULL DEFAULT NULL
) ENGINE=InnoDB DEFAULT CHARSET=utf8mb4 COLLATE=utf8mb4_unicode_ci;

-- --------------------------------------------------------

--
-- Table structure for table `settings`
--

CREATE TABLE `settings` (
  `id` bigint(20) UNSIGNED NOT NULL,
  `support_email` varchar(191) COLLATE utf8mb4_unicode_ci DEFAULT NULL,
  `android_version` varchar(191) COLLATE utf8mb4_unicode_ci DEFAULT NULL,
  `ios_version` varchar(191) COLLATE utf8mb4_unicode_ci DEFAULT NULL,
  `cover_image` text COLLATE utf8mb4_unicode_ci,
  `image_url` text COLLATE utf8mb4_unicode_ci,
  `created_at` timestamp NULL DEFAULT NULL,
  `updated_at` timestamp NULL DEFAULT NULL,
  `disclaimer` text COLLATE utf8mb4_unicode_ci
) ENGINE=InnoDB DEFAULT CHARSET=utf8mb4 COLLATE=utf8mb4_unicode_ci;

--
-- Dumping data for table `settings`
--

INSERT INTO `settings` (`id`, `support_email`, `android_version`, `ios_version`, `cover_image`, `image_url`, `created_at`, `updated_at`, `disclaimer`) VALUES
(1, 'support@mail.com', '1.0.3', '1.1.1', '1640560231.png', 'https://bernardmarr.com/what-is-the-difference-between-blockchain-and-bitcoin/', NULL, NULL, 'Disclaimer: Nothing in this application constitutes professional and/or financial advice. Application is not a fiduciary by virtue of any person\'s use of or access to the application or Content. The content is only to show the trades and ideas of admin.');

-- --------------------------------------------------------

--
-- Table structure for table `tmessages`
--

CREATE TABLE `tmessages` (
  `id` bigint(20) UNSIGNED NOT NULL,
  `message` text COLLATE utf8mb4_unicode_ci NOT NULL,
  `msg_img` varchar(250) COLLATE utf8mb4_unicode_ci DEFAULT NULL,
  `deleted_at` timestamp NULL DEFAULT NULL,
  `created_at` timestamp NULL DEFAULT NULL,
  `updated_at` timestamp NULL DEFAULT NULL
) ENGINE=InnoDB DEFAULT CHARSET=utf8mb4 COLLATE=utf8mb4_unicode_ci;

--
-- Dumping data for table `tmessages`
--

INSERT INTO `tmessages` (`id`, `message`, `msg_img`, `deleted_at`, `created_at`, `updated_at`) VALUES
(18, 'new test', 'Binance2.png', NULL, '2022-02-28 06:18:13', '2022-02-28 06:18:13');

-- --------------------------------------------------------

--
-- Table structure for table `users`
--

CREATE TABLE `users` (
  `id` bigint(20) UNSIGNED NOT NULL,
  `name` varchar(191) COLLATE utf8mb4_unicode_ci NOT NULL,
  `email` varchar(191) COLLATE utf8mb4_unicode_ci NOT NULL,
  `email_verified_at` timestamp NULL DEFAULT NULL,
  `user_name` varchar(191) COLLATE utf8mb4_unicode_ci NOT NULL,
  `password` varchar(191) COLLATE utf8mb4_unicode_ci NOT NULL,
  `device_token` varchar(191) COLLATE utf8mb4_unicode_ci DEFAULT NULL,
  `remember_token` varchar(100) COLLATE utf8mb4_unicode_ci DEFAULT NULL,
  `created_at` timestamp NULL DEFAULT NULL,
  `updated_at` timestamp NULL DEFAULT NULL,
  `mpassword` varchar(250) COLLATE utf8mb4_unicode_ci NOT NULL,
  `device_id` text COLLATE utf8mb4_unicode_ci NOT NULL,
  `playerId` text COLLATE utf8mb4_unicode_ci,
  `isLoggedIn` tinyint(2) NOT NULL DEFAULT '0'
) ENGINE=InnoDB DEFAULT CHARSET=utf8mb4 COLLATE=utf8mb4_unicode_ci;

--
-- Dumping data for table `users`
--

INSERT INTO `users` (`id`, `name`, `email`, `email_verified_at`, `user_name`, `password`, `device_token`, `remember_token`, `created_at`, `updated_at`, `mpassword`, `device_id`, `playerId`, `isLoggedIn`) VALUES
(5, 'Cemali Kumlu', 'cemalikumlu@gmail.com', NULL, 'cemalikumlu@gmail.com', '$2y$10$RXv4bjCJ/493RX32hVZ6NujGBrDO5VRaZ3WsqbtZlDXvK9a1RAq26', NULL, NULL, '2021-12-19 08:42:26', '2022-02-03 23:47:03', 'e10adc3949ba59abbe56e057f20f883e', '', '', 0),
(17, 'testusr', 'user@mail.com', NULL, 'user@mail.com', '$2y$10$WxMyxsR0NEJFc4l4/e6cgum/zCxKt2EEwQaEgBfkJyIcIPNVYVbs6', 'f-zbap8eRp6tCIq5UP5KPm:APA91bEMEHW_ITzckT52eUyGPkdQrogRqv6OIlfEB2TIkdO87_fTQHifp_L5XioBbuQuuwQsbw4yzXoS7DzPTWJ25aG9uW9ANmTo9BfNuhsqWnu8aDl3jWAWXHslFbbihZ2J8lhB-S-N', NULL, '2021-12-31 11:54:06', '2022-01-14 12:53:11', 'e10adc3949ba59abbe56e057f20f883e', '', '', 0),
(18, 'demo user', 'test@test.com', NULL, 'usr@gmail.com', '$2y$10$dibQsyaeYOMpsqNK.qPJkO2kdbc5JZEkPXh5eC1N8D6iQ0mUyVvyy', NULL, NULL, '2022-01-12 20:13:31', '2022-01-13 12:48:17', 'e10adc3949ba59abbe56e057f20f883e', '', '', 0),
(19, 'abdullah', 'abd@mail.com', NULL, 'abd@mail.com', '$2y$10$oWVgqcoHklOqNxBfwwQe3.QrtpNeAph8AzsWCr98.ILQTqDkI63nm', 'fKa4qOycSkWLvlRw_ONj_O:APA91bEbJAZY8TNydXSQRyLNivbDjKw_qIarb9FTngw6G2cwoHYIjImPqKssPzl7_9a_IZwyerwqPoMqgJZCFUr3bKM4XohupyhsqgMPJIXMKqj94upIET7SXMSc8OdbtT8OVCqLj-j2', NULL, '2022-01-13 12:48:21', '2022-01-13 21:39:23', 'e10adc3949ba59abbe56e057f20f883e', '', '', 0),
(20, 'test1', 'test1@gmail.com', NULL, 'test1@gmail.com', '$2y$10$wMy.5.qE5EJbTHPvPTodP.Ej1OnwF57pz9QEi3wcyxxUTm/DFaFBK', NULL, NULL, '2022-01-15 16:41:40', '2022-01-15 16:41:40', 'e10adc3949ba59abbe56e057f20f883e', '', '', 0),
(21, 'test2@gmail.com', 'test2@gmail.com', NULL, 'test2@gmail.com', '$2y$10$ZOcy0h71BzKJRmuknI33/uNsqtwgVK1u6Ie5XIS74OMYJrvrxUuaO', NULL, NULL, '2022-01-15 17:12:37', '2022-01-21 22:00:19', 'e10adc3949ba59abbe56e057f20f883e', '', '', 0),
(22, 'demo', 'demousr@gmail.com', NULL, 'demousr@gmail.com', '$2y$10$4iF49vPLJp9WTvfYcHQeb.KFQw3u8sH0sXRrT.ibJCXcloY7FVwNW', 'fYVK9nnXRfCAEaYftl1jf7:APA91bGdlBZ6EyrsQabmXBSROvfnwk-OyZkc9OuF3fpsQczOovb8ZZXH49xgdMX3X-sAn5pshF-yC67BNLC-eH6UI-9mMtZelioQBjAKxTATFumrpvV-9atAfmRUUpblnODf7EICie4p', NULL, '2022-01-21 22:05:08', '2022-01-26 17:14:40', 'e10adc3949ba59abbe56e057f20f883e', 'SM-G780F', 'f3584a84-9822-11ec-9c14-ba41645f2087', 1);

-- --------------------------------------------------------

--
-- Table structure for table `user_devices`
--

CREATE TABLE `user_devices` (
  `id` bigint(20) UNSIGNED NOT NULL,
  `access_token` text COLLATE utf8mb4_unicode_ci NOT NULL,
  `device_key` text COLLATE utf8mb4_unicode_ci NOT NULL,
  `device_type` text COLLATE utf8mb4_unicode_ci NOT NULL,
  `user_id` bigint(20) UNSIGNED NOT NULL,
  `created_at` timestamp NULL DEFAULT NULL,
  `updated_at` timestamp NULL DEFAULT NULL
) ENGINE=InnoDB DEFAULT CHARSET=utf8mb4 COLLATE=utf8mb4_unicode_ci;

--
-- Dumping data for table `user_devices`
--

INSERT INTO `user_devices` (`id`, `access_token`, `device_key`, `device_type`, `user_id`, `created_at`, `updated_at`) VALUES
(75, 'eyJ0eXAiOiJKV1QiLCJhbGciOiJSUzI1NiJ9.eyJhdWQiOiIzIiwianRpIjoiZWM1NjY4MjgxYWQ3YTBlMWJhMmE4N2ViNGUxNzFlMDA3ZmVlMGFkYmQ1ZmI2MzI2MDdlZjhlYmFhNjdlZWJhM2VkYTQ4NjlhMmVkY2Y3MzQiLCJpYXQiOjE2NDIwODQ3NjMuOTg0OTU5LCJuYmYiOjE2NDIwODQ3NjMuOTg0OTYyLCJleHAiOjE2NzM2MjA3NjMuOTgzNzE3LCJzdWIiOiIxOSIsInNjb3BlcyI6W119.IZlaYzuABtdEXBjkdg3KCKLGYImYHPz5JPC8ASMLLUOlGzcsY4FW-RgmJi77ym5vSrZDSbHe10OQ9ryr9TSKLiC_GlerGkseHOatbtJ8h4i3rGs8eO53rGDeNKARbAwlN2tGZcRdUoWNeqX8AyQmy10rfhnvfIUfEUrma8QSUutsZxBvjdaxlT0Pajh-Tl616pKCRCzBksUYpkR_kKKJu3rTzc6HG9saMTo5H-tRFlDVaM89LQs9Ypdf4VHbgmAwcYfOPsvBT1z-q2-m4ec0RntW-nOV-3wdYAiA_f-FgQyQR-Yfr_ku2IF_pPquPbWYaWpDLe-0KMCAXLhc7BVlIHAySb9SisYT84YsYMsbz7dFIB_sjDDsEOefpSdO9UCZHHDPtgn7uwGCSU7YoOM38gZ2saeXtaoKyewqshXvPIKQI8ueFD0h78XWrtGEnrsxXPWjkdsNXKRQeL95fr_0o73AmATcvRni2fnlKF2DcponWHLOJ7YSaznTzxQJqV8-Uvb58gZpz6QZt8KFbPhmzCyuSLdZ1jtv4pHKVFAgPhc-cnzh5yH156YIcfchgGxvyTVV3xzBwRusheulTinYLyw9D4UGc7FqdT8R4KXFZWbV2aitCmKfg3AAoYa3YuSZp_FQVHryL_GVbfX7kXHbAYogUBst5mR7t5B0ikeU1Jc', 'CPH2061', 'Dart/2.15 (dart:io)', 19, '2022-01-13 21:39:23', '2022-01-13 21:39:23'),
(76, 'eyJ0eXAiOiJKV1QiLCJhbGciOiJSUzI1NiJ9.eyJhdWQiOiIzIiwianRpIjoiODE1MTMzYzQ0NzU0YzIxMGExMjc5N2UzOGE4ZWJkMzc2N2I0NzE0MzVmMDdkMWI3YWY0ZWMyOGMxMjM5NTVkY2ZiNTE5YzY5NTUyNzRjZDAiLCJpYXQiOjE2NDIxMzk1OTEuMjU5NjM4LCJuYmYiOjE2NDIxMzk1OTEuMjU5NjQsImV4cCI6MTY3MzY3NTU5MS4yNTgwNDUsInN1YiI6IjE3Iiwic2NvcGVzIjpbXX0.KlfULGmAURNaZqauWbl_dj_9bWR1tn7f2tho6ycg5RpqdQbpRx3fGlyyRUcQaVtETejP5KuqMZ-ttURncZ29yye9HKlBp-lDkFX1fWS95THfa9ZuPHbhkB7DaQ9TP9wHeZIxChqyMnDnRFaHhcl0TR9UkxdgP1wSUANV07j0O4FrZs2qX4SfMeGPx9rrs_h7JCY-Hk2RLCLC_Fg168-zPvunDl3nH9PvIWC9BTEvRody0D_BWx1eDIekEOeT-MYe1xssO4Y4Lud7qLEy4NTwHiczFf3icfPQds1pkx0WIdu9md6CFABRh1lo8Mr8ph-jcjYYIdsHUFqb_PaK-5SZ3crkG3e3dGjy1wMgsraOTN8HLGNSwJ0WxcbJB9NuRVFXEcs6IPbZbf8xaDc3cfOs78q2c_wCWTlVxO14SILbJijMcpo2nlS6xjWOzHfH_iADdX8AwlaSm7IFvOxPK__ynaI11qUpMBVSmS2T23afiHtPmwYGPIHVy3C_Bh39iO0dGee6fuzVW9sz87-2G-DZ8usiQxrgdn5VClDR8J1WbTDy_cUvU8Styukuhqx6EdodFiJrWdiUNttDDScQkTjPfjEJSQLomMnkiSVyVYSusQzapGgYwQTmvCwcHAwZN6o8sJv9L3tlR9bIiILUb6pFu3sG0x_aRJIT6Mj4POZmRI0', 'TECNO CE7j', 'Dart/2.15 (dart:io)', 17, '2022-01-14 12:53:11', '2022-01-14 12:53:11');

--
-- Indexes for dumped tables
--

--
-- Indexes for table `admins`
--
ALTER TABLE `admins`
  ADD PRIMARY KEY (`id`),
  ADD UNIQUE KEY `admins_email_unique` (`email`);

--
-- Indexes for table `cryptos`
--
ALTER TABLE `cryptos`
  ADD PRIMARY KEY (`id`);

--
-- Indexes for table `failed_jobs`
--
ALTER TABLE `failed_jobs`
  ADD PRIMARY KEY (`id`),
  ADD UNIQUE KEY `failed_jobs_uuid_unique` (`uuid`);

--
-- Indexes for table `forexes`
--
ALTER TABLE `forexes`
  ADD PRIMARY KEY (`id`);

--
-- Indexes for table `historical_forexes`
--
ALTER TABLE `historical_forexes`
  ADD PRIMARY KEY (`id`);

--
-- Indexes for table `migrations`
--
ALTER TABLE `migrations`
  ADD PRIMARY KEY (`id`);

--
-- Indexes for table `notifications`
--
ALTER TABLE `notifications`
  ADD PRIMARY KEY (`id`);

--
-- Indexes for table `oauth_access_tokens`
--
ALTER TABLE `oauth_access_tokens`
  ADD PRIMARY KEY (`id`),
  ADD KEY `oauth_access_tokens_user_id_index` (`user_id`);

--
-- Indexes for table `oauth_auth_codes`
--
ALTER TABLE `oauth_auth_codes`
  ADD PRIMARY KEY (`id`),
  ADD KEY `oauth_auth_codes_user_id_index` (`user_id`);

--
-- Indexes for table `oauth_clients`
--
ALTER TABLE `oauth_clients`
  ADD PRIMARY KEY (`id`),
  ADD KEY `oauth_clients_user_id_index` (`user_id`);

--
-- Indexes for table `oauth_personal_access_clients`
--
ALTER TABLE `oauth_personal_access_clients`
  ADD PRIMARY KEY (`id`);

--
-- Indexes for table `oauth_refresh_tokens`
--
ALTER TABLE `oauth_refresh_tokens`
  ADD PRIMARY KEY (`id`),
  ADD KEY `oauth_refresh_tokens_access_token_id_index` (`access_token_id`);

--
-- Indexes for table `password_resets`
--
ALTER TABLE `password_resets`
  ADD KEY `password_resets_email_index` (`email`);

--
-- Indexes for table `settings`
--
ALTER TABLE `settings`
  ADD PRIMARY KEY (`id`);

--
-- Indexes for table `tmessages`
--
ALTER TABLE `tmessages`
  ADD PRIMARY KEY (`id`);

--
-- Indexes for table `users`
--
ALTER TABLE `users`
  ADD PRIMARY KEY (`id`),
  ADD UNIQUE KEY `users_email_unique` (`email`),
  ADD UNIQUE KEY `users_user_name_unique` (`user_name`);

--
-- Indexes for table `user_devices`
--
ALTER TABLE `user_devices`
  ADD PRIMARY KEY (`id`),
  ADD KEY `user_devices_user_id_foreign` (`user_id`);

--
-- AUTO_INCREMENT for dumped tables
--

--
-- AUTO_INCREMENT for table `admins`
--
ALTER TABLE `admins`
  MODIFY `id` bigint(20) UNSIGNED NOT NULL AUTO_INCREMENT, AUTO_INCREMENT=2;

--
-- AUTO_INCREMENT for table `cryptos`
--
ALTER TABLE `cryptos`
  MODIFY `id` bigint(20) UNSIGNED NOT NULL AUTO_INCREMENT, AUTO_INCREMENT=49;

--
-- AUTO_INCREMENT for table `failed_jobs`
--
ALTER TABLE `failed_jobs`
  MODIFY `id` bigint(20) UNSIGNED NOT NULL AUTO_INCREMENT;

--
-- AUTO_INCREMENT for table `forexes`
--
ALTER TABLE `forexes`
  MODIFY `id` bigint(20) UNSIGNED NOT NULL AUTO_INCREMENT, AUTO_INCREMENT=106;

--
-- AUTO_INCREMENT for table `historical_forexes`
--
ALTER TABLE `historical_forexes`
  MODIFY `id` bigint(20) UNSIGNED NOT NULL AUTO_INCREMENT;

--
-- AUTO_INCREMENT for table `migrations`
--
ALTER TABLE `migrations`
  MODIFY `id` int(10) UNSIGNED NOT NULL AUTO_INCREMENT, AUTO_INCREMENT=124;

--
-- AUTO_INCREMENT for table `notifications`
--
ALTER TABLE `notifications`
  MODIFY `id` bigint(20) UNSIGNED NOT NULL AUTO_INCREMENT, AUTO_INCREMENT=115;

--
-- AUTO_INCREMENT for table `oauth_clients`
--
ALTER TABLE `oauth_clients`
  MODIFY `id` bigint(20) UNSIGNED NOT NULL AUTO_INCREMENT, AUTO_INCREMENT=5;

--
-- AUTO_INCREMENT for table `oauth_personal_access_clients`
--
ALTER TABLE `oauth_personal_access_clients`
  MODIFY `id` bigint(20) UNSIGNED NOT NULL AUTO_INCREMENT, AUTO_INCREMENT=3;

--
-- AUTO_INCREMENT for table `settings`
--
ALTER TABLE `settings`
  MODIFY `id` bigint(20) UNSIGNED NOT NULL AUTO_INCREMENT, AUTO_INCREMENT=2;

--
-- AUTO_INCREMENT for table `tmessages`
--
ALTER TABLE `tmessages`
  MODIFY `id` bigint(20) UNSIGNED NOT NULL AUTO_INCREMENT, AUTO_INCREMENT=19;

--
-- AUTO_INCREMENT for table `users`
--
ALTER TABLE `users`
  MODIFY `id` bigint(20) UNSIGNED NOT NULL AUTO_INCREMENT, AUTO_INCREMENT=23;

--
-- AUTO_INCREMENT for table `user_devices`
--
ALTER TABLE `user_devices`
  MODIFY `id` bigint(20) UNSIGNED NOT NULL AUTO_INCREMENT, AUTO_INCREMENT=77;

--
-- Constraints for dumped tables
--

--
-- Constraints for table `user_devices`
--
ALTER TABLE `user_devices`
  ADD CONSTRAINT `user_devices_user_id_foreign` FOREIGN KEY (`user_id`) REFERENCES `users` (`id`) ON DELETE CASCADE;
COMMIT;

/*!40101 SET CHARACTER_SET_CLIENT=@OLD_CHARACTER_SET_CLIENT */;
/*!40101 SET CHARACTER_SET_RESULTS=@OLD_CHARACTER_SET_RESULTS */;
/*!40101 SET COLLATION_CONNECTION=@OLD_COLLATION_CONNECTION */;
